Parameter,Values
Dataset Path,./Barchette_Unsup_SAC/2018-12-29/INERTIAL/XM_file/DataSet_SAC.csv
Results Path,./Barchette_Unsup_SAC/2018-12-29/INERTIAL/XM_file//Model_4_40.0/
Number of columns,27
Number of rows,20181
Method,IHMM
N. Cluster,4
Covariance,NA
Accuracy,NA
CE,NA
F1,NA
Entropy,NA
Purity,NA
NbClusterFound,NA
Note,-
Variables,0,1,2,3,4,5,6,7,8,9,10,11,12,13,14,15,16,17,18,19,20,21,22,23,24,25,26
Log-likelihood,-248289.5056607609
Silhouette total,0.14369750273967838
-0.19035039780465907,2379,27
0.3763065977763464,11599,27
-0.16369593334959717,6191,27
0.12201624385397182,12,27