Parameter,Values
Dataset Path,./Barchette_Unsup_SAC/2018-12-29/INERTIAL/XM_file/DataSet_SAC.csv
Results Path,./Barchette_Unsup_SAC/2018-12-29/INERTIAL/XM_file//Model_12_25.0/
Number of columns,27
Number of rows,20181
Method,IHMM
N. Cluster,12
Covariance,NA
Accuracy,NA
CE,NA
F1,NA
Entropy,NA
Purity,NA
NbClusterFound,NA
Note,-
Variables,0,1,2,3,4,5,6,7,8,9,10,11,12,13,14,15,16,17,18,19,20,21,22,23,24,25,26
Log-likelihood,-108788.73219983531
Silhouette total,0.07153958934592128
-0.14127556252010007,1496,27
-0.16949250206036087,1413,27
0.14840502625757257,865,27
-0.22000615362680306,1769,27
0.00756123853808432,3515,27
0.44847250449828224,6496,27
-0.14672493247275442,2500,27
-0.17829414500236287,0,27
-0.28260902254059767,510,27
-0.2470995475491245,397,27
-0.16981370755459707,95,27