Parameter,Values
Dataset Path,./Barchette_Unsup_SAC/2018-12-29/INERTIAL/XM_file/DataSet_SAC.csv
Results Path,./Barchette_Unsup_SAC/2018-12-29/INERTIAL/XM_file//Model_6_70.0/
Number of columns,27
Number of rows,20181
Method,IHMM
N. Cluster,6
Covariance,NA
Accuracy,NA
CE,NA
F1,NA
Entropy,NA
Purity,NA
NbClusterFound,NA
Note,-
Variables,0,1,2,3,4,5,6,7,8,9,10,11,12,13,14,15,16,17,18,19,20,21,22,23,24,25,26
Log-likelihood,-215589.17303855566
Silhouette total,0.04401594438498955
-0.19433118847929146,6586,27
-0.18047374171784714,3759,27
0.528585526782515,6461,27
-0.2224957347409941,1808,27
0.08242294340621922,108,27
-0.12012933649246636,1459,27