Parameter,Values
Dataset Path,./Barchette_Unsup_SAC/2018-12-29/INERTIAL/XM_file/DataSet_SAC.csv
Results Path,./Barchette_Unsup_SAC/2018-12-29/INERTIAL/XM_file//Model_14_0.0/
Number of columns,27
Number of rows,20181
Method,IHMM
N. Cluster,14
Covariance,NA
Accuracy,NA
CE,NA
F1,NA
Entropy,NA
Purity,NA
NbClusterFound,NA
Note,-
Variables,0,1,2,3,4,5,6,7,8,9,10,11,12,13,14,15,16,17,18,19,20,21,22,23,24,25,26
Log-likelihood,-24009.620582445423
Silhouette total,0.09031041379576893
2.036748320116876e-05,3776,27
-0.062148171987251095,478,27
-0.07135663476585033,1353,27
-0.17080522327816122,1116,27
-0.1848345428126916,2741,27
0.45597118221585226,6456,27
-0.1977021007371329,419,27
-0.17681597343778693,656,27
0.5619485157780937,33,27
-0.08820816723775543,412,27
0.5205613578818356,30,27
0.18268334372685896,945,27
-0.16466175086026427,902,27
-0.1398978168178624,864,27