Parameter,Values
Dataset Path,./Barchette_Unsup_SAC/2018-12-29/INERTIAL/XM_file/DataSet_SAC.csv
Results Path,./Barchette_Unsup_SAC/2018-12-29/INERTIAL/XM_file//Model_10_70.0/
Number of columns,27
Number of rows,20181
Method,IHMM
N. Cluster,10
Covariance,NA
Accuracy,NA
CE,NA
F1,NA
Entropy,NA
Purity,NA
NbClusterFound,NA
Note,-
Variables,0,1,2,3,4,5,6,7,8,9,10,11,12,13,14,15,16,17,18,19,20,21,22,23,24,25,26
Log-likelihood,-204864.03547013298
Silhouette total,0.047225894208212146
-0.22056539567037292,21,27
0.3011703774606068,117,27
-0.11921000859645564,93,27
-0.2243313672544272,3384,27
-0.2545957870654188,2721,27
0.45507026009319235,6470,27
-0.11928206418759632,1042,27
-0.007582933918737914,3545,27
-0.14632192878329078,2779,27
-0.11808963702393695,9,27