Parameter,Values
Dataset Path,./Barchette_Unsup_SAC/2018-12-29/INERTIAL/XM_file/DataSet_SAC.csv
Results Path,./Barchette_Unsup_SAC/2018-12-29/INERTIAL/XM_file//Model_6_20.0/
Number of columns,27
Number of rows,20181
Method,IHMM
N. Cluster,6
Covariance,NA
Accuracy,NA
CE,NA
F1,NA
Entropy,NA
Purity,NA
NbClusterFound,NA
Note,-
Variables,0,1,2,3,4,5,6,7,8,9,10,11,12,13,14,15,16,17,18,19,20,21,22,23,24,25,26
Log-likelihood,-188051.42106740817
Silhouette total,0.17146036790998162
-0.1838635326023761,1898,27
0.43873907968844245,10697,27
-0.22609673124276194,2376,27
-0.16983362832412494,2105,27
-0.04777593891663973,2241,27
0.1363359194567763,864,27