Parameter,Values
Dataset Path,./Barchette_Unsup_SAC/2018-12-29/INERTIAL/XM_file/DataSet_SAC.csv
Results Path,./Barchette_Unsup_SAC/2018-12-29/INERTIAL/XM_file//Model_12_65.0/
Number of columns,27
Number of rows,20181
Method,IHMM
N. Cluster,12
Covariance,NA
Accuracy,NA
CE,NA
F1,NA
Entropy,NA
Purity,NA
NbClusterFound,NA
Note,-
Variables,0,1,2,3,4,5,6,7,8,9,10,11,12,13,14,15,16,17,18,19,20,21,22,23,24,25,26
Log-likelihood,-141662.0504076539
Silhouette total,0.05189462094245134
-0.2895586405772943,790,27
-0.17283051649806205,311,27
-0.07571029926736964,1634,27
0.03597158006689251,2926,27
-0.1999800027292402,2368,27
-0.17347834108020282,1409,27
-0.22487787455501806,817,27
-0.0958095919284156,0,27
-0.13424243590198598,983,27
0.43254472182341513,2005,27
-0.22458200182356466,6348,27