Parameter,Values
Dataset Path,./Barchette_Unsup_SAC/2018-12-29/INERTIAL/XM_file/DataSet_SAC.csv
Results Path,./Barchette_Unsup_SAC/2018-12-29/INERTIAL/XM_file//Model_10_55.0/
Number of columns,27
Number of rows,20181
Method,IHMM
N. Cluster,10
Covariance,NA
Accuracy,NA
CE,NA
F1,NA
Entropy,NA
Purity,NA
NbClusterFound,NA
Note,-
Variables,0,1,2,3,4,5,6,7,8,9,10,11,12,13,14,15,16,17,18,19,20,21,22,23,24,25,26
Log-likelihood,-175563.27685023067
Silhouette total,0.04954910837950722
-0.2874922828422545,1456,27
-0.2108050723006598,967,27
0.08280063432222906,59,27
-0.1127679266345121,1496,27
-0.0423605234079211,4516,27
-0.17723216423147836,3560,27
0.464723143711594,6359,27
-0.1798919074901247,1078,27
0.05150156733367156,3,27
-0.22264259847936485,687,27