Parameter,Values
Dataset Path,./Barchette_Unsup_SAC/2018-12-29/INERTIAL/XM_file/DataSet_SAC.csv
Results Path,./Barchette_Unsup_SAC/2018-12-29/INERTIAL/XM_file//Model_12_35.0/
Number of columns,27
Number of rows,20181
Method,IHMM
N. Cluster,12
Covariance,NA
Accuracy,NA
CE,NA
F1,NA
Entropy,NA
Purity,NA
NbClusterFound,NA
Note,-
Variables,0,1,2,3,4,5,6,7,8,9,10,11,12,13,14,15,16,17,18,19,20,21,22,23,24,25,26
Log-likelihood,-123495.01043207743
Silhouette total,0.05968814624921554
-0.18320706654871635,1288,27
-0.22446014895255015,2989,27
0.1754422961453479,782,27
-0.14883038094505788,2033,27
-0.13422498073992775,88,27
0.4497638116702214,6351,27
0.0008845548283869465,3515,27
-0.09507905109087922,287,27
0.1689994922986987,2,27
-0.16170723523366337,1551,27
-0.3160561172219581,520,27
-0.16621384914574083,775,27