Parameter,Values
Dataset Path,./Barchette_Unsup_SAC/2018-12-29/INERTIAL/XM_file/DataSet_SAC.csv
Results Path,./Barchette_Unsup_SAC/2018-12-29/INERTIAL/XM_file//Model_8_10.0/
Number of columns,27
Number of rows,20181
Method,IHMM
N. Cluster,8
Covariance,NA
Accuracy,NA
CE,NA
F1,NA
Entropy,NA
Purity,NA
NbClusterFound,NA
Note,-
Variables,0,1,2,3,4,5,6,7,8,9,10,11,12,13,14,15,16,17,18,19,20,21,22,23,24,25,26
Log-likelihood,-117684.59907366581
Silhouette total,0.07377970415712856
-0.06525766391482246,5189,27
-0.15066649119241557,635,27
-0.2786301696897111,1610,27
0.10691193440732462,1218,27
-0.11304623315851059,1974,27
0.4661620859617552,6530,27
-0.20968384875201332,1384,27
-0.17615077620600367,1641,27