Parameter,Values
Dataset Path,./Barchette_Unsup_SAC/2018-12-29/INERTIAL/XM_file/DataSet_SAC.csv
Results Path,./Barchette_Unsup_SAC/2018-12-29/INERTIAL/XM_file//Model_10_15.0/
Number of columns,27
Number of rows,20181
Method,IHMM
N. Cluster,10
Covariance,NA
Accuracy,NA
CE,NA
F1,NA
Entropy,NA
Purity,NA
NbClusterFound,NA
Note,-
Variables,0,1,2,3,4,5,6,7,8,9,10,11,12,13,14,15,16,17,18,19,20,21,22,23,24,25,26
Log-likelihood,-94745.00304705142
Silhouette total,0.07047261130103877
-0.24938116080390105,372,27
0.45109974060430413,6502,27
-0.17183646455957113,149,27
-0.18673509081301506,735,27
0.03573984084693177,1334,27
-0.1898877821121294,2792,27
-0.18977664787078274,2266,27
-0.1519322297550124,2357,27
0.004194028747438222,3674,27