Parameter,Values
Dataset Path,./Barchette_Unsup_SAC/2018-12-29/INERTIAL/XM_file/DataSet_SAC.csv
Results Path,./Barchette_Unsup_SAC/2018-12-29/INERTIAL/XM_file//Model_12_50.0/
Number of columns,27
Number of rows,20181
Method,IHMM
N. Cluster,12
Covariance,NA
Accuracy,NA
CE,NA
F1,NA
Entropy,NA
Purity,NA
NbClusterFound,NA
Note,-
Variables,0,1,2,3,4,5,6,7,8,9,10,11,12,13,14,15,16,17,18,19,20,21,22,23,24,25,26
Log-likelihood,-155446.69678641134
Silhouette total,0.05617319346512095
-0.22469701257436217,545,27
0.452591892609776,6364,27
-0.12104606373347385,2010,27
-0.11996853176847283,182,27
-0.29528847378303325,788,27
-0.21633916322632657,969,27
-0.13770497327232967,0,27
-0.18769611295655178,1402,27
-0.0074124276579479965,2063,27
-0.1867936394595791,3513,27
-0.11811575547154855,487,27