Parameter,Values
Dataset Path,./Barchette_Unsup_SAC/2018-12-29/INERTIAL/XM_file/DataSet_SAC.csv
Results Path,./Barchette_Unsup_SAC/2018-12-29/INERTIAL/XM_file//Model_8_65.0/
Number of columns,27
Number of rows,20181
Method,IHMM
N. Cluster,8
Covariance,NA
Accuracy,NA
CE,NA
F1,NA
Entropy,NA
Purity,NA
NbClusterFound,NA
Note,-
Variables,0,1,2,3,4,5,6,7,8,9,10,11,12,13,14,15,16,17,18,19,20,21,22,23,24,25,26
Log-likelihood,-206717.9921155802
Silhouette total,0.04704518467247994
-0.17527069005612636,2088,27
0.46847033668971283,6399,27
-0.1346566218649034,67,27
-0.08843486259289751,5315,27
-0.1758307681132393,507,27
0.08317914359227022,59,27
-0.28930128007120726,1343,27
-0.16591734597357813,4403,27