Parameter,Values
Dataset Path,./Barchette_Unsup_SAC/2018-12-29/INERTIAL/XM_file/DataSet_SAC.csv
Results Path,./Barchette_Unsup_SAC/2018-12-29/INERTIAL/XM_file//Model_12_40.0/
Number of columns,27
Number of rows,20181
Method,IHMM
N. Cluster,12
Covariance,NA
Accuracy,NA
CE,NA
F1,NA
Entropy,NA
Purity,NA
NbClusterFound,NA
Note,-
Variables,0,1,2,3,4,5,6,7,8,9,10,11,12,13,14,15,16,17,18,19,20,21,22,23,24,25,26
Log-likelihood,-128338.98796565157
Silhouette total,0.0591324444888523
-0.0008363654914784757,3380,27
-0.18865719131530628,184,27
0.08338894558825231,890,27
0.45063570622089916,6354,27
-0.13773872945817844,1171,27
-0.23379240913929492,1338,27
-0.1702436645096442,1296,27
0.040428216812205924,467,27
-0.1864604833595087,2572,27
-0.3161468245830156,800,27
-0.0724845502271275,3,27
-0.17270588297424283,1726,27