Parameter,Values
Dataset Path,./Barchette_Unsup_SAC/2018-12-29/INERTIAL/XM_file/DataSet_SAC.csv
Results Path,./Barchette_Unsup_SAC/2018-12-29/INERTIAL/XM_file//Model_10_45.0/
Number of columns,27
Number of rows,20181
Method,IHMM
N. Cluster,10
Covariance,NA
Accuracy,NA
CE,NA
F1,NA
Entropy,NA
Purity,NA
NbClusterFound,NA
Note,-
Variables,0,1,2,3,4,5,6,7,8,9,10,11,12,13,14,15,16,17,18,19,20,21,22,23,24,25,26
Log-likelihood,-157788.89267076598
Silhouette total,0.04873565990408788
0.4626397916267979,6363,27
-0.12604240655135823,1586,27
-0.17078774737332866,3341,27
-0.17887765606212525,1091,27
-0.2078066944687574,968,27
0.07235815256379778,3,27
0.02609061016320649,49,27
-0.3058662831596262,783,27
-0.03348879738885165,4081,27
-0.21855926425909933,1916,27