Parameter,Values
Dataset Path,./Barchette_Unsup_SAC/2018-12-29/INERTIAL/XM_file/DataSet_SAC.csv
Results Path,./Barchette_Unsup_SAC/2018-12-29/INERTIAL/XM_file//Model_8_40.0/
Number of columns,27
Number of rows,20181
Method,IHMM
N. Cluster,8
Covariance,NA
Accuracy,NA
CE,NA
F1,NA
Entropy,NA
Purity,NA
NbClusterFound,NA
Note,-
Variables,0,1,2,3,4,5,6,7,8,9,10,11,12,13,14,15,16,17,18,19,20,21,22,23,24,25,26
Log-likelihood,-169430.74544517708
Silhouette total,0.04957374113498019
-0.28589729659514024,1343,27
-0.09261425000082,5461,27
0.4640366674606615,6422,27
-0.21137526824078892,877,27
-0.13362920705660816,73,27
-0.1592998720136367,3856,27
-0.12211166480132753,383,27
-0.13233816734982212,1766,27