Parameter,Values
Dataset Path,./Barchette_Unsup_SAC/2018-12-29/INERTIAL/XM_file/DataSet_SAC.csv
Results Path,./Barchette_Unsup_SAC/2018-12-29/INERTIAL/XM_file//Model_10_30.0/
Number of columns,27
Number of rows,20181
Method,IHMM
N. Cluster,10
Covariance,NA
Accuracy,NA
CE,NA
F1,NA
Entropy,NA
Purity,NA
NbClusterFound,NA
Note,-
Variables,0,1,2,3,4,5,6,7,8,9,10,11,12,13,14,15,16,17,18,19,20,21,22,23,24,25,26
Log-likelihood,-147855.97583162916
Silhouette total,0.06291696509019942
-0.2899183337882541,2112,27
-0.03607801448881821,4483,27
0.46433919995186446,6508,27
-0.1647468758377742,2044,27
0.7570791063107009,3,27
-0.16598726838721276,1372,27
0.12310083985202108,849,27
-0.18594059357259232,2652,27
-0.1895004859392537,155,27
0.6777815580710301,3,27