,day,l
0,2016-01-08 00:00:00,11.606690752903422
1,2016-01-08 01:00:00,13.407763850112131
2,2016-01-08 02:00:00,15.68546597278715
3,2016-01-08 03:00:00,15.715915478920165
4,2016-01-08 04:00:00,20.730890516189564
5,2016-01-08 05:00:00,35.921175679593475
6,2016-01-08 06:00:00,42.47838835526078
7,2016-01-08 07:00:00,38.06915478898138
8,2016-01-08 08:00:00,35.16948103173857
9,2016-01-08 09:00:00,29.007401490709643
10,2016-01-08 10:00:00,28.441212472710102
11,2016-01-08 11:00:00,36.70545013384782
12,2016-01-08 12:00:00,30.531977260908317
13,2016-01-08 13:00:00,26.03798730878076
14,2016-01-08 14:00:00,26.44904484147766
15,2016-01-08 15:00:00,25.153743335618447
16,2016-01-08 16:00:00,23.68462656176169
17,2016-01-08 17:00:00,25.463230302700033
18,2016-01-08 18:00:00,23.297237897644454
19,2016-01-08 19:00:00,22.212586659167982
20,2016-01-08 20:00:00,21.993326483799077
21,2016-01-08 21:00:00,18.515860992960388
22,2016-01-08 22:00:00,13.2349746876956
23,2016-01-08 23:00:00,9.632985130004624
24,2016-01-09 00:00:00,9.482718037496827
25,2016-01-09 01:00:00,11.518173037778654
26,2016-01-09 02:00:00,11.79695341624591
27,2016-01-09 03:00:00,12.354249996846912
28,2016-01-09 04:00:00,16.727816346416322
29,2016-01-09 05:00:00,25.630180173976182
30,2016-01-09 06:00:00,28.22319471629147
31,2016-01-09 07:00:00,30.92689000000153
32,2016-01-09 08:00:00,26.603931405122644
33,2016-01-09 09:00:00,21.705417927796468
34,2016-01-09 10:00:00,20.57633641516436
35,2016-01-09 11:00:00,30.488559571554244
36,2016-01-09 12:00:00,23.27578052552217
37,2016-01-09 13:00:00,22.444149999999933
38,2016-01-09 14:00:00,22.68597999999998
39,2016-01-09 15:00:00,22.67392579999444
40,2016-01-09 16:00:00,23.308520654141613
41,2016-01-09 17:00:00,23.208027161052666
42,2016-01-09 18:00:00,22.75492771180583
43,2016-01-09 19:00:00,22.90916432095964
44,2016-01-09 20:00:00,19.717659284667988
45,2016-01-09 21:00:00,18.111730548377405
46,2016-01-09 22:00:00,13.069143931979427
47,2016-01-09 23:00:00,11.423769286712115
48,2016-01-10 00:00:00,9.02083664932457
49,2016-01-10 01:00:00,9.59279284168994
50,2016-01-10 02:00:00,9.261921528510944
51,2016-01-10 03:00:00,9.513830989248367
52,2016-01-10 04:00:00,12.502780551784465
53,2016-01-10 05:00:00,17.702416207470527
54,2016-01-10 06:00:00,29.8567935521154
55,2016-01-10 07:00:00,22.3678796778375
56,2016-01-10 08:00:00,19.95347296209892
57,2016-01-10 09:00:00,15.769018507083606
58,2016-01-10 10:00:00,16.73303856311648
59,2016-01-10 11:00:00,22.482260962962236
60,2016-01-10 12:00:00,20.50475248739007
61,2016-01-10 13:00:00,18.97229717919534
62,2016-01-10 14:00:00,19.350582527958228
63,2016-01-10 15:00:00,21.081470440825225
64,2016-01-10 16:00:00,22.718038846822076
65,2016-01-10 17:00:00,18.660825903349657
66,2016-01-10 18:00:00,20.2616558696884
67,2016-01-10 19:00:00,21.06599649557668
68,2016-01-10 20:00:00,17.04371788159484
69,2016-01-10 21:00:00,17.42998378735239
70,2016-01-10 22:00:00,12.093983379284055
71,2016-01-10 23:00:00,9.126444518746887
72,2016-01-11 00:00:00,12.386934118846511
73,2016-01-11 01:00:00,13.677336527918436
74,2016-01-11 02:00:00,12.027318861725096
75,2016-01-11 03:00:00,13.76522748091588
76,2016-01-11 04:00:00,15.736209756961276
77,2016-01-11 05:00:00,24.552573290838343
78,2016-01-11 06:00:00,26.13958496353009
79,2016-01-11 07:00:00,24.05155413318727
80,2016-01-11 08:00:00,23.879907610776115
81,2016-01-11 09:00:00,20.826334953845347
82,2016-01-11 10:00:00,18.622952027616837
83,2016-01-11 11:00:00,22.5419650213101
84,2016-01-11 12:00:00,20.076922552535766
85,2016-01-11 13:00:00,22.429976187974237
86,2016-01-11 14:00:00,20.90051142343266
87,2016-01-11 15:00:00,20.52099495953204
88,2016-01-11 16:00:00,18.472186120736282
89,2016-01-11 17:00:00,19.42601706179586
90,2016-01-11 18:00:00,20.4153448743178
91,2016-01-11 19:00:00,17.7594756074856
92,2016-01-11 20:00:00,19.82838106259786
93,2016-01-11 21:00:00,18.25948412584145
94,2016-01-11 22:00:00,11.003693464978893
95,2016-01-11 23:00:00,8.854639657381739
96,2016-01-12 00:00:00,9.615965981645141
97,2016-01-12 01:00:00,9.209740453586317
98,2016-01-12 02:00:00,10.3701969348672
99,2016-01-12 03:00:00,13.537622220987382
100,2016-01-12 04:00:00,12.432230657532767
101,2016-01-12 05:00:00,25.733113126311274
102,2016-01-12 06:00:00,37.86196273992861
103,2016-01-12 07:00:00,29.810246867254566
104,2016-01-12 08:00:00,28.59869031290225
105,2016-01-12 09:00:00,24.056909961734913
106,2016-01-12 10:00:00,18.274101653070947
107,2016-01-12 11:00:00,22.743716726738963
108,2016-01-12 12:00:00,20.301976208884444
109,2016-01-12 13:00:00,20.190653485708925
110,2016-01-12 14:00:00,18.93638396878953
111,2016-01-12 15:00:00,19.18620486453598
112,2016-01-12 16:00:00,18.65061346601189
113,2016-01-12 17:00:00,17.41791527810124
114,2016-01-12 18:00:00,18.99747732731453
115,2016-01-12 19:00:00,17.777101067113634
116,2016-01-12 20:00:00,18.74103752340395
117,2016-01-12 21:00:00,17.801555146102466
118,2016-01-12 22:00:00,12.123668591158724
119,2016-01-12 23:00:00,9.89897435959825
120,2016-01-13 00:00:00,10.02001094583694
121,2016-01-13 01:00:00,10.203457694128842
122,2016-01-13 02:00:00,11.6720716418369
123,2016-01-13 03:00:00,14.270900034950461
124,2016-01-13 04:00:00,18.195856689464023
125,2016-01-13 05:00:00,31.59840561189939
126,2016-01-13 06:00:00,34.863555043460366
127,2016-01-13 07:00:00,34.923719330599496
128,2016-01-13 08:00:00,33.23254041032515
129,2016-01-13 09:00:00,24.71939218733912
130,2016-01-13 10:00:00,21.741733558962487
131,2016-01-13 11:00:00,23.111295152621214
132,2016-01-13 12:00:00,17.999736997487485
133,2016-01-13 13:00:00,15.570885571333893
134,2016-01-13 14:00:00,16.32011039358979
135,2016-01-13 15:00:00,16.689695107408046
136,2016-01-13 16:00:00,17.826177822668303
137,2016-01-13 17:00:00,18.829540085481288
138,2016-01-13 18:00:00,19.934878609512626
139,2016-01-13 19:00:00,20.042452772195453
140,2016-01-13 20:00:00,19.34691957230464
141,2016-01-13 21:00:00,19.063295104755248
142,2016-01-13 22:00:00,12.260837674716187
143,2016-01-13 23:00:00,11.205041693485422
144,2016-01-14 00:00:00,11.1306094311735
145,2016-01-14 01:00:00,12.531854651339804
146,2016-01-14 02:00:00,13.479640580277186
147,2016-01-14 03:00:00,14.03736330143042
148,2016-01-14 04:00:00,19.396373709451
149,2016-01-14 05:00:00,34.11410641712919
150,2016-01-14 06:00:00,38.16831161201944
151,2016-01-14 07:00:00,33.684833956687804
152,2016-01-14 08:00:00,32.12358487454745
153,2016-01-14 09:00:00,28.473279976560587
154,2016-01-14 10:00:00,25.13110235538036
155,2016-01-14 11:00:00,34.560253208840344
156,2016-01-14 12:00:00,28.35597
157,2016-01-14 13:00:00,25.68197694278208
158,2016-01-14 14:00:00,27.58515511845941
159,2016-01-14 15:00:00,26.28886999999996
160,2016-01-14 16:00:00,26.84446358482394
161,2016-01-14 17:00:00,25.368454899935394
162,2016-01-14 18:00:00,25.593767985880014
163,2016-01-14 19:00:00,24.89035646539894
164,2016-01-14 20:00:00,22.93867332614453
165,2016-01-14 21:00:00,20.676574568239182
166,2016-01-14 22:00:00,14.177142769175124
167,2016-01-14 23:00:00,11.170170631951256
168,2016-01-15 00:00:00,10.912813942819907
169,2016-01-15 01:00:00,12.192674841639874
170,2016-01-15 02:00:00,14.209961921490144
171,2016-01-15 03:00:00,15.372909695281114
172,2016-01-15 04:00:00,19.717515419607263
173,2016-01-15 05:00:00,35.00491757103743
174,2016-01-15 06:00:00,41.567314277848
175,2016-01-15 07:00:00,36.24775268379951
176,2016-01-15 08:00:00,35.44519348547921
177,2016-01-15 09:00:00,27.05277303869627
178,2016-01-15 10:00:00,26.575387992953356
179,2016-01-15 11:00:00,30.777476131354913
180,2016-01-15 12:00:00,25.576090841510464
181,2016-01-15 13:00:00,23.937883265928807
182,2016-01-15 14:00:00,25.12080385018946
183,2016-01-15 15:00:00,22.176135738674663
184,2016-01-15 16:00:00,23.870227053217853
185,2016-01-15 17:00:00,24.841900035039142
186,2016-01-15 18:00:00,25.54308166361761
187,2016-01-15 19:00:00,24.804454118795604
188,2016-01-15 20:00:00,26.16378939703793
189,2016-01-15 21:00:00,23.635367842339996
190,2016-01-15 22:00:00,15.686406437735064
191,2016-01-15 23:00:00,12.24756672141427
192,2016-01-16 00:00:00,12.074034971425776
193,2016-01-16 01:00:00,13.221407006532733
194,2016-01-16 02:00:00,14.316861391361089
195,2016-01-16 03:00:00,15.800722619177556
196,2016-01-16 04:00:00,15.305802633573826
197,2016-01-16 05:00:00,33.25065975483633
198,2016-01-16 06:00:00,37.724424900111636
199,2016-01-16 07:00:00,32.959693583782546
200,2016-01-16 08:00:00,31.077878098045726
201,2016-01-16 09:00:00,23.93370137826633
202,2016-01-16 10:00:00,21.268854728802374
203,2016-01-16 11:00:00,27.438019071169467
204,2016-01-16 12:00:00,22.86882940130275
205,2016-01-16 13:00:00,21.030250809897566
206,2016-01-16 14:00:00,20.147262653741947
207,2016-01-16 15:00:00,22.337075829133788
208,2016-01-16 16:00:00,22.311520509871965
209,2016-01-16 17:00:00,25.0634616382025
210,2016-01-16 18:00:00,25.94610309614171
211,2016-01-16 19:00:00,26.229072149382507
212,2016-01-16 20:00:00,24.49072845521859
213,2016-01-16 21:00:00,23.14079003111941
214,2016-01-16 22:00:00,15.368658614265645
215,2016-01-16 23:00:00,11.285277628939829
216,2016-01-17 00:00:00,11.237373567091296
217,2016-01-17 01:00:00,12.876593651865669
218,2016-01-17 02:00:00,13.15199390584763
219,2016-01-17 03:00:00,13.867162222675937
220,2016-01-17 04:00:00,15.747535660235679
221,2016-01-17 05:00:00,23.217572429883752
222,2016-01-17 06:00:00,35.188785785432906
223,2016-01-17 07:00:00,32.12450306658718
224,2016-01-17 08:00:00,25.94541503728699
225,2016-01-17 09:00:00,19.618958889739613
226,2016-01-17 10:00:00,17.764401753502103
227,2016-01-17 11:00:00,25.202185214144553
228,2016-01-17 12:00:00,22.608116583728
229,2016-01-17 13:00:00,22.014548172244915
230,2016-01-17 14:00:00,22.134758320822996
231,2016-01-17 15:00:00,21.09430375244202
232,2016-01-17 16:00:00,21.496087272376453
233,2016-01-17 17:00:00,22.998347957800718
234,2016-01-17 18:00:00,24.763950649791727
235,2016-01-17 19:00:00,25.200270250017308
236,2016-01-17 20:00:00,22.457617991403264
237,2016-01-17 21:00:00,22.04081006875051
238,2016-01-17 22:00:00,15.883275151707561
239,2016-01-17 23:00:00,12.561886905160668
240,2016-01-18 00:00:00,19.809531367800812
241,2016-01-18 01:00:00,19.99934454807444
242,2016-01-18 02:00:00,17.949227101746782
243,2016-01-18 03:00:00,20.475192649349662
244,2016-01-18 04:00:00,22.63777080472412
245,2016-01-18 05:00:00,31.67103793507057
246,2016-01-18 06:00:00,36.90203455825657
247,2016-01-18 07:00:00,36.18239603327417
248,2016-01-18 08:00:00,35.92720458778265
249,2016-01-18 09:00:00,30.90127919179277
250,2016-01-18 10:00:00,24.866665579227263
251,2016-01-18 11:00:00,34.255386376493725
252,2016-01-18 12:00:00,27.98536124787612
253,2016-01-18 13:00:00,26.98744336418757
254,2016-01-18 14:00:00,28.923680059269238
255,2016-01-18 15:00:00,24.770415617453494
256,2016-01-18 16:00:00,26.235594113927732
257,2016-01-18 17:00:00,27.65526833916072
258,2016-01-18 18:00:00,27.07724633666627
259,2016-01-18 19:00:00,25.226580735845157
260,2016-01-18 20:00:00,26.371658688772587
261,2016-01-18 21:00:00,23.18721881482723
262,2016-01-18 22:00:00,16.41843768781447
263,2016-01-18 23:00:00,14.191256892250221
264,2016-01-19 00:00:00,13.997409085216596
265,2016-01-19 01:00:00,17.602190949728264
266,2016-01-19 02:00:00,18.595317363759943
267,2016-01-19 03:00:00,19.479062572426244
268,2016-01-19 04:00:00,25.755503437202073
269,2016-01-19 05:00:00,30.947126052958414
270,2016-01-19 06:00:00,33.66382460769648
271,2016-01-19 07:00:00,31.464492853131407
272,2016-01-19 08:00:00,41.56027794522732
273,2016-01-19 09:00:00,34.72390482254758
274,2016-01-19 10:00:00,28.61556157204973
275,2016-01-19 11:00:00,35.035401716336274
276,2016-01-19 12:00:00,29.542518232775176
277,2016-01-19 13:00:00,27.311214168757612
278,2016-01-19 14:00:00,29.1712080551301
279,2016-01-19 15:00:00,28.022021528731432
280,2016-01-19 16:00:00,29.380350146615232
281,2016-01-19 17:00:00,29.50376005199395
282,2016-01-19 18:00:00,29.681533171672502
283,2016-01-19 19:00:00,28.375942671082488
284,2016-01-19 20:00:00,29.31124204728125
285,2016-01-19 21:00:00,25.4086314457708
286,2016-01-19 22:00:00,17.818340175381348
287,2016-01-19 23:00:00,15.30611116682965
288,2016-01-20 00:00:00,15.589687559676824
289,2016-01-20 01:00:00,17.274638240688038
290,2016-01-20 02:00:00,18.674634694397387
291,2016-01-20 03:00:00,19.60047628200105
292,2016-01-20 04:00:00,23.80626408240105
293,2016-01-20 05:00:00,36.82575374887682
294,2016-01-20 06:00:00,40.94408476994118
295,2016-01-20 07:00:00,38.74916117270674
296,2016-01-20 08:00:00,40.33250267379372
297,2016-01-20 09:00:00,36.386756795883
298,2016-01-20 10:00:00,31.729110113815164
299,2016-01-20 11:00:00,40.28909813809712
300,2016-01-20 12:00:00,31.04946020209504
301,2016-01-20 13:00:00,30.082684010413885
302,2016-01-20 14:00:00,29.905656045222702
303,2016-01-20 15:00:00,29.34075551882208
304,2016-01-20 16:00:00,29.98803851202439
305,2016-01-20 17:00:00,29.46888596385377
306,2016-01-20 18:00:00,29.99474484560459
307,2016-01-20 19:00:00,29.242441068860483
308,2016-01-20 20:00:00,29.33794147050877
309,2016-01-20 21:00:00,26.1296570401106
310,2016-01-20 22:00:00,17.35817560202394
311,2016-01-20 23:00:00,14.447668290883946
312,2016-01-21 00:00:00,14.487680896249593
313,2016-01-21 01:00:00,15.45552875553373
314,2016-01-21 02:00:00,18.805011195257627
315,2016-01-21 03:00:00,18.10842275839053
316,2016-01-21 04:00:00,23.93533477554385
317,2016-01-21 05:00:00,38.896848105287496
318,2016-01-21 06:00:00,45.93864601450174
319,2016-01-21 07:00:00,43.14655690615815
320,2016-01-21 08:00:00,40.84791054204989
321,2016-01-21 09:00:00,33.334158272702304
322,2016-01-21 10:00:00,29.179037476624433
323,2016-01-21 11:00:00,35.594365593983156
324,2016-01-21 12:00:00,28.816673050692486
325,2016-01-21 13:00:00,26.36800143830832
326,2016-01-21 14:00:00,31.06684782697941
327,2016-01-21 15:00:00,26.786629487422623
328,2016-01-21 16:00:00,27.52376296114731
329,2016-01-21 17:00:00,28.156215401737317
330,2016-01-21 18:00:00,28.884678404649623
331,2016-01-21 19:00:00,27.553230106638235
332,2016-01-21 20:00:00,27.24547254057499
333,2016-01-21 21:00:00,25.423064098021136
334,2016-01-21 22:00:00,16.781274071693655
335,2016-01-21 23:00:00,14.809154838485524
336,2016-01-22 00:00:00,13.874157611072796
337,2016-01-22 01:00:00,15.09523249379276
338,2016-01-22 02:00:00,15.200301397782436
339,2016-01-22 03:00:00,16.504675187728857
340,2016-01-22 04:00:00,20.95754716287291
341,2016-01-22 05:00:00,32.665057748791845
342,2016-01-22 06:00:00,35.1460965436658
343,2016-01-22 07:00:00,33.30407239215591
344,2016-01-22 08:00:00,31.88397928788757
345,2016-01-22 09:00:00,27.407901595755487
346,2016-01-22 10:00:00,27.778533488276032
347,2016-01-22 11:00:00,36.05134753615695
348,2016-01-22 12:00:00,29.50312401055222
349,2016-01-22 13:00:00,27.565901872125764
350,2016-01-22 14:00:00,28.58338305246642
351,2016-01-22 15:00:00,29.461359947176266
352,2016-01-22 16:00:00,27.365435001986107
353,2016-01-22 17:00:00,27.79402043949411
354,2016-01-22 18:00:00,28.92368587011357
355,2016-01-22 19:00:00,27.69598526006157
356,2016-01-22 20:00:00,28.09223865836741
357,2016-01-22 21:00:00,25.398038832903463
358,2016-01-22 22:00:00,16.183956417567654
359,2016-01-22 23:00:00,13.914226311798176
360,2016-01-23 00:00:00,13.94056603293382
361,2016-01-23 01:00:00,15.871461587214926
362,2016-01-23 02:00:00,16.572754289556734
363,2016-01-23 03:00:00,16.943901552154607
364,2016-01-23 04:00:00,20.719829266332148
365,2016-01-23 05:00:00,35.7306119965828
366,2016-01-23 06:00:00,41.83836341856034
367,2016-01-23 07:00:00,37.24839238127231
368,2016-01-23 08:00:00,36.19602449271966
369,2016-01-23 09:00:00,28.900241755129915
370,2016-01-23 10:00:00,26.10022135630903
371,2016-01-23 11:00:00,32.82555238498661
372,2016-01-23 12:00:00,27.13987098731307
373,2016-01-23 13:00:00,24.094478516039434
374,2016-01-23 14:00:00,23.32636884697983
375,2016-01-23 15:00:00,23.719537677508377
376,2016-01-23 16:00:00,24.933449701284342
377,2016-01-23 17:00:00,25.829277085773448
378,2016-01-23 18:00:00,26.167564805363437
379,2016-01-23 19:00:00,25.839690217918058
380,2016-01-23 20:00:00,25.92706119534248
381,2016-01-23 21:00:00,23.411955098394145
382,2016-01-23 22:00:00,16.084516943631545
383,2016-01-23 23:00:00,12.893413659427088
384,2016-01-24 00:00:00,12.304555439413695
385,2016-01-24 01:00:00,14.06096939914509
386,2016-01-24 02:00:00,14.132041649485725
387,2016-01-24 03:00:00,15.04594919961694
388,2016-01-24 04:00:00,16.75702786218067
389,2016-01-24 05:00:00,22.7956939193886
390,2016-01-24 06:00:00,32.93611873167481
391,2016-01-24 07:00:00,31.77403764081505
392,2016-01-24 08:00:00,27.585180690965174
393,2016-01-24 09:00:00,21.905477272199068
394,2016-01-24 10:00:00,21.361438431469914
395,2016-01-24 11:00:00,28.2123630648592
396,2016-01-24 12:00:00,25.624294140872315
397,2016-01-24 13:00:00,21.482640102195358
398,2016-01-24 14:00:00,21.74207948112444
399,2016-01-24 15:00:00,23.332233395751217
400,2016-01-24 16:00:00,24.52944049255844
401,2016-01-24 17:00:00,23.875150478687658
402,2016-01-24 18:00:00,25.608511187291555
403,2016-01-24 19:00:00,27.003231513857237
404,2016-01-24 20:00:00,26.706719727027217
405,2016-01-24 21:00:00,22.758318333527583
406,2016-01-24 22:00:00,16.63722184522017
407,2016-01-24 23:00:00,14.25481096679299
408,2016-01-25 00:00:00,21.177012912772398
409,2016-01-25 01:00:00,20.636150791830328
410,2016-01-25 02:00:00,20.923120411716248
411,2016-01-25 03:00:00,25.08023494041964
412,2016-01-25 04:00:00,26.02969577240344
413,2016-01-25 05:00:00,33.739873413264085
414,2016-01-25 06:00:00,46.380523162632606
415,2016-01-25 07:00:00,38.62036722924211
416,2016-01-25 08:00:00,41.99603708398199
417,2016-01-25 09:00:00,35.577338185401544
418,2016-01-25 10:00:00,29.832766641642785
419,2016-01-25 11:00:00,35.75797652446136
420,2016-01-25 12:00:00,28.500963630745197
421,2016-01-25 13:00:00,24.55081790437809
422,2016-01-25 14:00:00,24.675657051392175
423,2016-01-25 15:00:00,24.16812297430517
424,2016-01-25 16:00:00,22.251582739295678
425,2016-01-25 17:00:00,22.854804908951106
426,2016-01-25 18:00:00,24.30662031443382
427,2016-01-25 19:00:00,25.11553792097856
428,2016-01-25 20:00:00,25.266402170412768
429,2016-01-25 21:00:00,21.270001207081233
430,2016-01-25 22:00:00,14.606338957202759
431,2016-01-25 23:00:00,12.841754321623744
432,2016-01-26 00:00:00,10.684414215133014
433,2016-01-26 01:00:00,12.471739232541506
434,2016-01-26 02:00:00,14.256826564395265
435,2016-01-26 03:00:00,16.30533087957965
436,2016-01-26 04:00:00,20.331875907399077
437,2016-01-26 05:00:00,37.91417987421788
438,2016-01-26 06:00:00,40.591265642771155
439,2016-01-26 07:00:00,38.28907275706075
440,2016-01-26 08:00:00,36.76454138259132
441,2016-01-26 09:00:00,29.35560345629571
442,2016-01-26 10:00:00,24.341032076787773
443,2016-01-26 11:00:00,29.296070737494922
444,2016-01-26 12:00:00,23.555091314077487
445,2016-01-26 13:00:00,21.650636577916387
446,2016-01-26 14:00:00,21.510246796685106
447,2016-01-26 15:00:00,21.51764888638165
448,2016-01-26 16:00:00,20.777656599370445
449,2016-01-26 17:00:00,21.6644362159392
450,2016-01-26 18:00:00,24.0625882559834
451,2016-01-26 19:00:00,22.15132596779731
452,2016-01-26 20:00:00,21.507246199967785
453,2016-01-26 21:00:00,19.70956345734359
454,2016-01-26 22:00:00,14.009832221690399
455,2016-01-26 23:00:00,12.170934111308796
456,2016-01-27 00:00:00,11.772476561580744
457,2016-01-27 01:00:00,12.72685601970884
458,2016-01-27 02:00:00,14.188830021015447
459,2016-01-27 03:00:00,15.297574569121554
460,2016-01-27 04:00:00,20.852999459829164
461,2016-01-27 05:00:00,34.260939291782755
462,2016-01-27 06:00:00,36.89062622138221
463,2016-01-27 07:00:00,34.95109594938704
464,2016-01-27 08:00:00,32.68332030497418
465,2016-01-27 09:00:00,26.22353834259782
466,2016-01-27 10:00:00,24.117016190005778
467,2016-01-27 11:00:00,29.23150138718552
468,2016-01-27 12:00:00,25.469607522313808
469,2016-01-27 13:00:00,23.41715545254793
470,2016-01-27 14:00:00,22.625385750240607
471,2016-01-27 15:00:00,20.079473083901426
472,2016-01-27 16:00:00,20.582737700948986
473,2016-01-27 17:00:00,22.35145498885764
474,2016-01-27 18:00:00,21.33817177284614
475,2016-01-27 19:00:00,19.763664973895395
476,2016-01-27 20:00:00,18.864148030335397
477,2016-01-27 21:00:00,18.07236518563704
478,2016-01-27 22:00:00,11.561931158364937
479,2016-01-27 23:00:00,8.987023817402674
480,2016-01-28 00:00:00,8.406424833105062
481,2016-01-28 01:00:00,8.779571742199359
482,2016-01-28 02:00:00,9.358245440367906
483,2016-01-28 03:00:00,10.14605387399243
484,2016-01-28 04:00:00,13.159225441925914
485,2016-01-28 05:00:00,22.81313001328382
486,2016-01-28 06:00:00,24.174950026672267
487,2016-01-28 07:00:00,23.7067741631632
488,2016-01-28 08:00:00,23.57423772115141
489,2016-01-28 09:00:00,20.24804543596265
490,2016-01-28 10:00:00,19.682088076270265
491,2016-01-28 11:00:00,25.39405812443796
492,2016-01-28 12:00:00,23.18518263302309
493,2016-01-28 13:00:00,20.316146072993238
494,2016-01-28 14:00:00,20.720858609717446
495,2016-01-28 15:00:00,19.84593986086852
496,2016-01-28 16:00:00,19.692929058816837
497,2016-01-28 17:00:00,18.144539340619826
498,2016-01-28 18:00:00,19.82093314603945
499,2016-01-28 19:00:00,19.237928645501853
500,2016-01-28 20:00:00,17.201669106066337
501,2016-01-28 21:00:00,14.874968675274664
502,2016-01-28 22:00:00,10.157445502107796
503,2016-01-28 23:00:00,8.210296990082714
504,2016-01-29 00:00:00,7.357551080664028
505,2016-01-29 01:00:00,7.967817675329906
506,2016-01-29 02:00:00,8.674079704873241
507,2016-01-29 03:00:00,9.646218547402604
508,2016-01-29 04:00:00,12.626663620305676
509,2016-01-29 05:00:00,21.843210787783732
510,2016-01-29 06:00:00,26.38691526828473
511,2016-01-29 07:00:00,22.548342010257805
512,2016-01-29 08:00:00,24.053203062012162
513,2016-01-29 09:00:00,20.656883109147767
514,2016-01-29 10:00:00,19.876502512382807
515,2016-01-29 11:00:00,23.690852664716843
516,2016-01-29 12:00:00,19.384389103992067
517,2016-01-29 13:00:00,17.94528320318165
518,2016-01-29 14:00:00,18.618148538990503
519,2016-01-29 15:00:00,16.225658093913307
520,2016-01-29 16:00:00,17.772772597373635
521,2016-01-29 17:00:00,18.275505258333578
522,2016-01-29 18:00:00,19.027302341735773
523,2016-01-29 19:00:00,19.002821734128112
524,2016-01-29 20:00:00,16.625458878274344
525,2016-01-29 21:00:00,16.436176813990624
526,2016-01-29 22:00:00,9.852134183332778
527,2016-01-29 23:00:00,7.719081830699843
528,2016-01-30 00:00:00,7.942322163751029
529,2016-01-30 01:00:00,8.334303449293479
530,2016-01-30 02:00:00,8.359198883295091
531,2016-01-30 03:00:00,8.514230907796385
532,2016-01-30 04:00:00,10.71140171460624
533,2016-01-30 05:00:00,14.127697557263833
534,2016-01-30 06:00:00,20.813775256691738
535,2016-01-30 07:00:00,18.04779255466417
536,2016-01-30 08:00:00,21.139739846890837
537,2016-01-30 09:00:00,16.54382301268615
538,2016-01-30 10:00:00,18.0654406933592
539,2016-01-30 11:00:00,24.599434210184196
540,2016-01-30 12:00:00,20.242477087445835
541,2016-01-30 13:00:00,15.535262385743824
542,2016-01-30 14:00:00,13.857608192674586
543,2016-01-30 15:00:00,17.379235869883495
544,2016-01-30 16:00:00,19.88301111887524
545,2016-01-30 17:00:00,18.53431494770389
546,2016-01-30 18:00:00,18.10891816326141
547,2016-01-30 19:00:00,16.70731794069628
548,2016-01-30 20:00:00,16.672073578771947
549,2016-01-30 21:00:00,13.917211271764435
550,2016-01-30 22:00:00,9.771108706624931
551,2016-01-30 23:00:00,8.252861399548314
552,2016-01-31 00:00:00,8.131637768091654
553,2016-01-31 01:00:00,8.668892826119025
554,2016-01-31 02:00:00,8.34648283690909
555,2016-01-31 03:00:00,8.734577154122102
556,2016-01-31 04:00:00,8.595127979321418
557,2016-01-31 05:00:00,13.724926817415161
558,2016-01-31 06:00:00,21.060883245504066
559,2016-01-31 07:00:00,18.0579827736947
560,2016-01-31 08:00:00,17.986938729086454
561,2016-01-31 09:00:00,14.967130984924125
562,2016-01-31 10:00:00,16.13621304942621
563,2016-01-31 11:00:00,21.99292611568448
564,2016-01-31 12:00:00,19.617488343444965
565,2016-01-31 13:00:00,19.50627273516782
566,2016-01-31 14:00:00,19.36591265881913
567,2016-01-31 15:00:00,20.32682790392614
568,2016-01-31 16:00:00,20.006723079553865
569,2016-01-31 17:00:00,18.61893423846265
570,2016-01-31 18:00:00,20.234743379117138
571,2016-01-31 19:00:00,19.36478949002675
572,2016-01-31 20:00:00,18.8954429303564
573,2016-01-31 21:00:00,17.852480078373844
574,2016-01-31 22:00:00,12.093983379284055
575,2016-01-31 23:00:00,8.952866288025724
576,2016-02-01 00:00:00,11.972936825256374
577,2016-02-01 01:00:00,12.062699522213563
578,2016-02-01 02:00:00,12.244510600318304
579,2016-02-01 03:00:00,12.782823718369055
580,2016-02-01 04:00:00,13.482337494802845
581,2016-02-01 05:00:00,23.435131447969784
582,2016-02-01 06:00:00,24.48268084750539
583,2016-02-01 07:00:00,28.34501076568656
584,2016-02-01 08:00:00,27.147510328412004
585,2016-02-01 09:00:00,24.149572853318144
586,2016-02-01 10:00:00,22.848843467073397
587,2016-02-01 11:00:00,28.590849967829772
588,2016-02-01 12:00:00,21.800561341127075
589,2016-02-01 13:00:00,19.73975307476583
590,2016-02-01 14:00:00,21.291232799331887
591,2016-02-01 15:00:00,22.36082089093424
592,2016-02-01 16:00:00,19.84643030049214
593,2016-02-01 17:00:00,19.07882867522268
594,2016-02-01 18:00:00,19.711486311089576
595,2016-02-01 19:00:00,19.1731677327254
596,2016-02-01 20:00:00,19.786846130043237
597,2016-02-01 21:00:00,16.969534009012683
598,2016-02-01 22:00:00,12.367358384471064
599,2016-02-01 23:00:00,8.782362618267173
600,2016-02-02 00:00:00,8.471681024352323
601,2016-02-02 01:00:00,10.21372931634725
602,2016-02-02 02:00:00,10.943959010790326
603,2016-02-02 03:00:00,12.235271323875999
604,2016-02-02 04:00:00,13.166312245151815
605,2016-02-02 05:00:00,23.068770091785694
606,2016-02-02 06:00:00,25.34730234829382
607,2016-02-02 07:00:00,28.654650830992217
608,2016-02-02 08:00:00,26.46604030605721
609,2016-02-02 09:00:00,22.651082828128157
610,2016-02-02 10:00:00,21.169029876475282
611,2016-02-02 11:00:00,26.35277377607881
612,2016-02-02 12:00:00,22.031625945107287
613,2016-02-02 13:00:00,21.35520886283391
614,2016-02-02 14:00:00,20.57259262688629
615,2016-02-02 15:00:00,19.76042006628717
616,2016-02-02 16:00:00,18.952644622793148
617,2016-02-02 17:00:00,20.58011516267355
618,2016-02-02 18:00:00,17.410646298980573
619,2016-02-02 19:00:00,18.58410270966338
620,2016-02-02 20:00:00,17.5331220944716
621,2016-02-02 21:00:00,15.154927888556767
622,2016-02-02 22:00:00,11.187958474534264
623,2016-02-02 23:00:00,8.355804094042707
624,2016-02-03 00:00:00,7.871415996887864
625,2016-02-03 01:00:00,7.966510405122096
626,2016-02-03 02:00:00,8.116057241739009
627,2016-02-03 03:00:00,10.412701958341088
628,2016-02-03 04:00:00,11.813885438434694
629,2016-02-03 05:00:00,19.3792701281026
630,2016-02-03 06:00:00,21.725674583427807
631,2016-02-03 07:00:00,22.515160678923998
632,2016-02-03 08:00:00,21.726535953177045
633,2016-02-03 09:00:00,19.53324211985687
634,2016-02-03 10:00:00,20.31555232262552
635,2016-02-03 11:00:00,23.90554017906703
636,2016-02-03 12:00:00,21.43249970865216
637,2016-02-03 13:00:00,20.42750908500432
638,2016-02-03 14:00:00,19.666371050322407
639,2016-02-03 15:00:00,18.715612199538914
640,2016-02-03 16:00:00,19.614966872454342
641,2016-02-03 17:00:00,16.584059645639254
642,2016-02-03 18:00:00,21.195649085004337
643,2016-02-03 19:00:00,19.724359085004675
644,2016-02-03 20:00:00,19.76920125308173
645,2016-02-03 21:00:00,15.240529147301991
646,2016-02-03 22:00:00,11.036752558826802
647,2016-02-03 23:00:00,9.34433821329928
648,2016-02-04 00:00:00,9.166476567285487
649,2016-02-04 01:00:00,9.87955894034408
650,2016-02-04 02:00:00,10.447886524502144
651,2016-02-04 03:00:00,12.125211049383328
652,2016-02-04 04:00:00,16.189523930403432
653,2016-02-04 05:00:00,28.066500741158517
654,2016-02-04 06:00:00,32.75339371919879
655,2016-02-04 07:00:00,28.825668855021
656,2016-02-04 08:00:00,27.625835942133516
657,2016-02-04 09:00:00,22.41127031693122
658,2016-02-04 10:00:00,20.45175765896725
659,2016-02-04 11:00:00,27.003064286780173
660,2016-02-04 12:00:00,25.03206188918444
661,2016-02-04 13:00:00,22.76636722644967
662,2016-02-04 14:00:00,21.210002627627482
663,2016-02-04 15:00:00,19.892543210212605
664,2016-02-04 16:00:00,18.913590596434116
665,2016-02-04 17:00:00,20.680847170730953
666,2016-02-04 18:00:00,21.30327747158341
667,2016-02-04 19:00:00,20.486043439919765
668,2016-02-04 20:00:00,21.164954010880944
669,2016-02-04 21:00:00,19.75252587276968
670,2016-02-04 22:00:00,13.703959431310432
671,2016-02-04 23:00:00,11.5246809411046
672,2016-02-05 00:00:00,11.133656513032422
673,2016-02-05 01:00:00,12.24094521461959
674,2016-02-05 02:00:00,12.967349043294881
675,2016-02-05 03:00:00,13.428137783117958
676,2016-02-05 04:00:00,19.32967387832469
677,2016-02-05 05:00:00,30.39778744748734
678,2016-02-05 06:00:00,37.0389418696036
679,2016-02-05 07:00:00,34.55144362974501
680,2016-02-05 08:00:00,30.651035658381762
681,2016-02-05 09:00:00,23.909683523411246
682,2016-02-05 10:00:00,20.54315805357653
683,2016-02-05 11:00:00,24.318693697743587
684,2016-02-05 12:00:00,19.40890475710961
685,2016-02-05 13:00:00,17.308827253489994
686,2016-02-05 14:00:00,17.722590103812422
687,2016-02-05 15:00:00,17.28164650222783
688,2016-02-05 16:00:00,17.690705728135843
689,2016-02-05 17:00:00,17.794148859691624
690,2016-02-05 18:00:00,18.375819087044125
691,2016-02-05 19:00:00,18.66947513221532
692,2016-02-05 20:00:00,19.02701783820457
693,2016-02-05 21:00:00,17.430399387454994
694,2016-02-05 22:00:00,12.548721647579848
695,2016-02-05 23:00:00,8.673990117418859
696,2016-02-06 00:00:00,8.076412857340037
697,2016-02-06 01:00:00,8.034601490494474
698,2016-02-06 02:00:00,8.47331532238159
699,2016-02-06 03:00:00,11.008385860150835
700,2016-02-06 04:00:00,13.510557345371664
701,2016-02-06 05:00:00,28.252052535549
702,2016-02-06 06:00:00,30.60362626644111
703,2016-02-06 07:00:00,28.915792056670217
704,2016-02-06 08:00:00,28.335443684776845
705,2016-02-06 09:00:00,21.96586520094399
706,2016-02-06 10:00:00,19.697811575460783
707,2016-02-06 11:00:00,22.20780468152361
708,2016-02-06 12:00:00,17.41139059103253
709,2016-02-06 13:00:00,15.88810401517992
710,2016-02-06 14:00:00,17.1920748156795
711,2016-02-06 15:00:00,17.749990878533787
712,2016-02-06 16:00:00,18.677116873730782
713,2016-02-06 17:00:00,18.357929401712664
714,2016-02-06 18:00:00,20.088682831065775
715,2016-02-06 19:00:00,17.785334251706733
716,2016-02-06 20:00:00,18.73667726072101
717,2016-02-06 21:00:00,16.41680471189139
718,2016-02-06 22:00:00,11.309108077880481
719,2016-02-06 23:00:00,8.571861352694503
720,2016-02-07 00:00:00,7.729133486918746
721,2016-02-07 01:00:00,8.363084368814247
722,2016-02-07 02:00:00,8.426815364452063
723,2016-02-07 03:00:00,9.17770144225846
724,2016-02-07 04:00:00,9.822823607759416
725,2016-02-07 05:00:00,13.627791379394564
726,2016-02-07 06:00:00,25.474356472168
727,2016-02-07 07:00:00,19.52504245600148
728,2016-02-07 08:00:00,17.573197214075684
729,2016-02-07 09:00:00,15.290853849361007
730,2016-02-07 10:00:00,14.288808808584676
731,2016-02-07 11:00:00,18.32034712991782
732,2016-02-07 12:00:00,15.238590886037096
733,2016-02-07 13:00:00,14.465481397969079
734,2016-02-07 14:00:00,15.16150162898236
735,2016-02-07 15:00:00,18.48102191679348
736,2016-02-07 16:00:00,14.469884709161208
737,2016-02-07 17:00:00,15.50821051511025
738,2016-02-07 18:00:00,11.128330343447807
739,2016-02-07 19:00:00,17.098964093023042
740,2016-02-07 20:00:00,17.293097185848687
741,2016-02-07 21:00:00,16.909382343707126
742,2016-02-07 22:00:00,8.857618879512778
743,2016-02-07 23:00:00,8.106674066068901
744,2016-02-08 00:00:00,8.031057683269925
745,2016-02-08 01:00:00,9.346016081016561
746,2016-02-08 02:00:00,9.150002322248566
747,2016-02-08 03:00:00,9.503578189360693
748,2016-02-08 04:00:00,11.83668604932268
749,2016-02-08 05:00:00,23.6106857256409
750,2016-02-08 06:00:00,29.89206935884389
751,2016-02-08 07:00:00,26.638612022353268
752,2016-02-08 08:00:00,24.29662277980001
753,2016-02-08 09:00:00,18.32832632215437
754,2016-02-08 10:00:00,18.744500886014126
755,2016-02-08 11:00:00,27.100055935917087
756,2016-02-08 12:00:00,20.69924339746773
757,2016-02-08 13:00:00,18.27707258241612
758,2016-02-08 14:00:00,20.026708834741626
759,2016-02-08 15:00:00,17.761739930032135
760,2016-02-08 16:00:00,18.60659871139955
761,2016-02-08 17:00:00,19.52606830170821
762,2016-02-08 18:00:00,18.8434720392822
763,2016-02-08 19:00:00,19.864275294315398
764,2016-02-08 20:00:00,17.07124335840402
765,2016-02-08 21:00:00,15.908876154743151
766,2016-02-08 22:00:00,10.458246510713874
767,2016-02-08 23:00:00,8.240797710173572
768,2016-02-09 00:00:00,7.180896575978173
769,2016-02-09 01:00:00,8.197119431806438
770,2016-02-09 02:00:00,10.13460467950283
771,2016-02-09 03:00:00,8.586633734217358
772,2016-02-09 04:00:00,11.122750599239783
773,2016-02-09 05:00:00,25.035878698178635
774,2016-02-09 06:00:00,27.3101080362957
775,2016-02-09 07:00:00,23.969355891883396
776,2016-02-09 08:00:00,23.43778125680423
777,2016-02-09 09:00:00,18.87190249033536
778,2016-02-09 10:00:00,17.96742794518466
779,2016-02-09 11:00:00,23.877453131532693
780,2016-02-09 12:00:00,21.34469543317033
781,2016-02-09 13:00:00,18.985697900053786
782,2016-02-09 14:00:00,20.436067774234818
783,2016-02-09 15:00:00,20.275934637557878
784,2016-02-09 16:00:00,18.25711165980844
785,2016-02-09 17:00:00,20.73296133341645
786,2016-02-09 18:00:00,18.729922646484443
787,2016-02-09 19:00:00,17.537463704852733
788,2016-02-09 20:00:00,16.9458770886231
789,2016-02-09 21:00:00,16.426990998535175
790,2016-02-09 22:00:00,9.957420432716358
791,2016-02-09 23:00:00,7.281511975434114
792,2016-02-10 00:00:00,7.780576650991392
793,2016-02-10 01:00:00,6.670291934583156
794,2016-02-10 02:00:00,7.259735897924285
795,2016-02-10 03:00:00,10.165836456030402
796,2016-02-10 04:00:00,11.656911603648933
797,2016-02-10 05:00:00,25.469666041272546
798,2016-02-10 06:00:00,35.4732186484748
799,2016-02-10 07:00:00,26.630033294362512
800,2016-02-10 08:00:00,23.299172856436353
801,2016-02-10 09:00:00,19.21426935955629
802,2016-02-10 10:00:00,19.743499948671307
803,2016-02-10 11:00:00,24.098846943039288
804,2016-02-10 12:00:00,18.102651108690523
805,2016-02-10 13:00:00,16.416720134147383
806,2016-02-10 14:00:00,16.07371041418733
807,2016-02-10 15:00:00,14.834633630433581
808,2016-02-10 16:00:00,15.139266312024754
809,2016-02-10 17:00:00,15.959398703214864
810,2016-02-10 18:00:00,16.39638338406335
811,2016-02-10 19:00:00,15.90249941291346
812,2016-02-10 20:00:00,18.600885685770386
813,2016-02-10 21:00:00,18.250992808363193
814,2016-02-10 22:00:00,12.20426278255384
815,2016-02-10 23:00:00,10.86422998809037
816,2016-02-11 00:00:00,10.909926323641944
817,2016-02-11 01:00:00,11.852530338287256
818,2016-02-11 02:00:00,13.818079274761471
819,2016-02-11 03:00:00,14.535243523110251
820,2016-02-11 04:00:00,18.703343165086487
821,2016-02-11 05:00:00,32.61678067393352
822,2016-02-11 06:00:00,36.22685929406693
823,2016-02-11 07:00:00,31.864255180171032
824,2016-02-11 08:00:00,31.54557488501131
825,2016-02-11 09:00:00,24.73039524566205
826,2016-02-11 10:00:00,22.723624303325423
827,2016-02-11 11:00:00,24.57381618957107
828,2016-02-11 12:00:00,21.105313434512066
829,2016-02-11 13:00:00,18.305156964640407
830,2016-02-11 14:00:00,18.36621514093232
831,2016-02-11 15:00:00,19.187042054486394
832,2016-02-11 16:00:00,17.019223581243697
833,2016-02-11 17:00:00,18.98074042989816
834,2016-02-11 18:00:00,19.489491491937283
835,2016-02-11 19:00:00,20.731052870036613
836,2016-02-11 20:00:00,19.114829972841253
837,2016-02-11 21:00:00,19.287981342434662
838,2016-02-11 22:00:00,11.757056386713968
839,2016-02-11 23:00:00,9.176553313251317
840,2016-02-12 00:00:00,9.177583272123735
841,2016-02-12 01:00:00,9.642229523527627
842,2016-02-12 02:00:00,9.404208906622985
843,2016-02-12 03:00:00,10.582742655062262
844,2016-02-12 04:00:00,12.67554369785883
845,2016-02-12 05:00:00,18.574524123042394
846,2016-02-12 06:00:00,27.33756891874789
847,2016-02-12 07:00:00,24.991140547999677
848,2016-02-12 08:00:00,23.81157558630155
849,2016-02-12 09:00:00,19.383094628489694
850,2016-02-12 10:00:00,18.769803530444413
851,2016-02-12 11:00:00,23.64238269661311
852,2016-02-12 12:00:00,21.432743484443268
853,2016-02-12 13:00:00,19.841887455907017
854,2016-02-12 14:00:00,23.417527751036676
855,2016-02-12 15:00:00,23.35172243767775
856,2016-02-12 16:00:00,20.1983427392578
857,2016-02-12 17:00:00,20.688581145019526
858,2016-02-12 18:00:00,22.117276754150407
859,2016-02-12 19:00:00,20.479298559570356
860,2016-02-12 20:00:00,20.420264658203177
861,2016-02-12 21:00:00,17.407434675292993
862,2016-02-12 22:00:00,12.11659716674804
863,2016-02-12 23:00:00,11.268073405712027
864,2016-02-13 00:00:00,10.897369688603106
865,2016-02-13 01:00:00,11.314093696808252
866,2016-02-13 02:00:00,11.652937450667816
867,2016-02-13 03:00:00,12.92233005175561
868,2016-02-13 04:00:00,16.060558574840346
869,2016-02-13 05:00:00,31.49046484926061
870,2016-02-13 06:00:00,42.370116296103156
871,2016-02-13 07:00:00,33.57035145860473
872,2016-02-13 08:00:00,32.07549620143489
873,2016-02-13 09:00:00,20.709358094899034
874,2016-02-13 10:00:00,21.78022622981541
875,2016-02-13 11:00:00,25.669686293893033
876,2016-02-13 12:00:00,21.199734517968288
877,2016-02-13 13:00:00,17.685744299865274
878,2016-02-13 14:00:00,19.49087323753383
879,2016-02-13 15:00:00,19.758135887022476
880,2016-02-13 16:00:00,19.9209928618581
881,2016-02-13 17:00:00,20.851445347816078
882,2016-02-13 18:00:00,19.925411601538087
883,2016-02-13 19:00:00,19.01529112092837
884,2016-02-13 20:00:00,20.352480115330092
885,2016-02-13 21:00:00,15.496374201897467
886,2016-02-13 22:00:00,10.994945990160234
887,2016-02-13 23:00:00,8.754345874307491
888,2016-02-14 00:00:00,9.131030308252155
889,2016-02-14 01:00:00,9.922340578873337
890,2016-02-14 02:00:00,10.416986937951707
891,2016-02-14 03:00:00,11.568668898371058
892,2016-02-14 04:00:00,11.955572701660664
893,2016-02-14 05:00:00,14.38567818552897
894,2016-02-14 06:00:00,25.39127836092398
895,2016-02-14 07:00:00,20.681859318880328
896,2016-02-14 08:00:00,21.74752512526198
897,2016-02-14 09:00:00,16.576506933962566
898,2016-02-14 10:00:00,18.366826115727182
899,2016-02-14 11:00:00,25.760776230541197
900,2016-02-14 12:00:00,22.256667783533434
901,2016-02-14 13:00:00,19.54015039794944
902,2016-02-14 14:00:00,19.371071740722687
903,2016-02-14 15:00:00,17.469479874237525
904,2016-02-14 16:00:00,17.460922017793926
905,2016-02-14 17:00:00,20.255168524554428
906,2016-02-14 18:00:00,21.417430472427302
907,2016-02-14 19:00:00,20.648294590201186
908,2016-02-14 20:00:00,18.830452521551486
909,2016-02-14 21:00:00,14.577096556113807
910,2016-02-14 22:00:00,13.246822017044352
911,2016-02-14 23:00:00,9.815685533123132
912,2016-02-15 00:00:00,14.053623814552006
913,2016-02-15 01:00:00,12.250298907748046
914,2016-02-15 02:00:00,13.883697684449007
915,2016-02-15 03:00:00,14.10319854922414
916,2016-02-15 04:00:00,18.048801657658547
917,2016-02-15 05:00:00,22.950314510615453
918,2016-02-15 06:00:00,30.70771380471037
919,2016-02-15 07:00:00,28.91383388670976
920,2016-02-15 08:00:00,28.11345479930136
921,2016-02-15 09:00:00,20.28891232920445
922,2016-02-15 10:00:00,20.039965299568518
923,2016-02-15 11:00:00,25.864903711678338
924,2016-02-15 12:00:00,19.67264688873538
925,2016-02-15 13:00:00,20.243596145602293
926,2016-02-15 14:00:00,20.821219817691947
927,2016-02-15 15:00:00,21.73979616786215
928,2016-02-15 16:00:00,20.306861660156287
929,2016-02-15 17:00:00,20.671145239257914
930,2016-02-15 18:00:00,20.155494628906254
931,2016-02-15 19:00:00,19.219222687988502
932,2016-02-15 20:00:00,18.915992819824176
933,2016-02-15 21:00:00,16.761596001309414
934,2016-02-15 22:00:00,9.397199626807842
935,2016-02-15 23:00:00,6.937168760155097
936,2016-02-16 00:00:00,7.811532371968106
937,2016-02-16 01:00:00,7.131848954167472
938,2016-02-16 02:00:00,8.605902351732965
939,2016-02-16 03:00:00,11.278513128618712
940,2016-02-16 04:00:00,11.208305699237533
941,2016-02-16 05:00:00,26.576803962765627
942,2016-02-16 06:00:00,23.63928973927899
943,2016-02-16 07:00:00,16.771334263262798
944,2016-02-16 08:00:00,16.779396134437675
945,2016-02-16 09:00:00,16.93775570800263
946,2016-02-16 10:00:00,17.831798488216826
947,2016-02-16 11:00:00,22.437634773540346
948,2016-02-16 12:00:00,17.467218529361855
949,2016-02-16 13:00:00,16.76229388281047
950,2016-02-16 14:00:00,20.382427116699255
951,2016-02-16 15:00:00,20.6960267700196
952,2016-02-16 16:00:00,19.90511667236327
953,2016-02-16 17:00:00,18.345631654864718
954,2016-02-16 18:00:00,17.943762409270295
955,2016-02-16 19:00:00,16.666651187234002
956,2016-02-16 20:00:00,14.558082379577426
957,2016-02-16 21:00:00,13.152166916295553
958,2016-02-16 22:00:00,10.010896827101424
959,2016-02-16 23:00:00,7.105639512058683
960,2016-02-17 00:00:00,8.309916006607946
961,2016-02-17 01:00:00,9.221297887695364
962,2016-02-17 02:00:00,9.605178022949238
963,2016-02-17 03:00:00,11.021266154785259
964,2016-02-17 04:00:00,14.56182530029308
965,2016-02-17 05:00:00,28.944000124511856
966,2016-02-17 06:00:00,33.07822262970008
967,2016-02-17 07:00:00,27.900703365005228
968,2016-02-17 08:00:00,25.159708376628004
969,2016-02-17 09:00:00,18.481720641144744
970,2016-02-17 10:00:00,18.901427092747234
971,2016-02-17 11:00:00,25.979294257334065
972,2016-02-17 12:00:00,21.951593325675674
973,2016-02-17 13:00:00,19.579656932321033
974,2016-02-17 14:00:00,21.680204996766204
975,2016-02-17 15:00:00,21.08480279519093
976,2016-02-17 16:00:00,20.8629191425862
977,2016-02-17 17:00:00,22.822739415027794
978,2016-02-17 18:00:00,19.75103700277236
979,2016-02-17 19:00:00,20.854833690846053
980,2016-02-17 20:00:00,19.80389477491868
981,2016-02-17 21:00:00,17.58232965781931
982,2016-02-17 22:00:00,11.608126294317412
983,2016-02-17 23:00:00,9.454476024144991
984,2016-02-18 00:00:00,8.621389581980267
985,2016-02-18 01:00:00,8.792360177021955
986,2016-02-18 02:00:00,9.862322837104037
987,2016-02-18 03:00:00,9.95554013971082
988,2016-02-18 04:00:00,13.928855378746631
989,2016-02-18 05:00:00,24.742894856901568
990,2016-02-18 06:00:00,30.02234099233344
991,2016-02-18 07:00:00,28.681082349277357
992,2016-02-18 08:00:00,25.672979516233724
993,2016-02-18 09:00:00,18.657054600260434
994,2016-02-18 10:00:00,16.161695949374472
995,2016-02-18 11:00:00,19.08439897687529
996,2016-02-18 12:00:00,19.216209088975
997,2016-02-18 13:00:00,18.08858373854034
998,2016-02-18 14:00:00,18.836903069654678
999,2016-02-18 15:00:00,17.040320072141043
1000,2016-02-18 16:00:00,15.46165319329875
1001,2016-02-18 17:00:00,18.342730192139737
1002,2016-02-18 18:00:00,18.41215349350848
1003,2016-02-18 19:00:00,17.094687530194992
1004,2016-02-18 20:00:00,18.4609537801967
1005,2016-02-18 21:00:00,14.74350324893544
1006,2016-02-18 22:00:00,12.345024926772654
1007,2016-02-18 23:00:00,9.248233137579863
1008,2016-02-19 00:00:00,8.778323545229194
1009,2016-02-19 01:00:00,9.073894102503305
1010,2016-02-19 02:00:00,10.125526541571544
1011,2016-02-19 03:00:00,9.436822456330106
1012,2016-02-19 04:00:00,14.517540362598364
1013,2016-02-19 05:00:00,24.361596564340328
1014,2016-02-19 06:00:00,31.623005398597414
1015,2016-02-19 07:00:00,27.94246470985284
1016,2016-02-19 08:00:00,26.198008617617692
1017,2016-02-19 09:00:00,19.07687080646998
1018,2016-02-19 10:00:00,17.026966712457927
1019,2016-02-19 11:00:00,19.51700171031564
1020,2016-02-19 12:00:00,16.71842215680933
1021,2016-02-19 13:00:00,15.981429617935175
1022,2016-02-19 14:00:00,16.979783185523697
1023,2016-02-19 15:00:00,15.362026941069384
1024,2016-02-19 16:00:00,14.792978931368252
1025,2016-02-19 17:00:00,17.056973013559073
1026,2016-02-19 18:00:00,16.800970928430733
1027,2016-02-19 19:00:00,17.173144093517024
1028,2016-02-19 20:00:00,13.97443383099646
1029,2016-02-19 21:00:00,12.483872405457554
1030,2016-02-19 22:00:00,9.814858711609407
1031,2016-02-19 23:00:00,7.680455990141122
1032,2016-02-20 00:00:00,7.377671055620523
1033,2016-02-20 01:00:00,8.203034157374233
1034,2016-02-20 02:00:00,9.633041953755614
1035,2016-02-20 03:00:00,10.846913050932685
1036,2016-02-20 04:00:00,12.28997865928018
1037,2016-02-20 05:00:00,23.73012713253662
1038,2016-02-20 06:00:00,28.19939246195708
1039,2016-02-20 07:00:00,26.644315440492353
1040,2016-02-20 08:00:00,27.343955589150934
1041,2016-02-20 09:00:00,19.41577548536361
1042,2016-02-20 10:00:00,19.07726526231301
1043,2016-02-20 11:00:00,23.815974628449048
1044,2016-02-20 12:00:00,17.932706386941877
1045,2016-02-20 13:00:00,16.133598256905564
1046,2016-02-20 14:00:00,17.181915236002
1047,2016-02-20 15:00:00,17.144345868272595
1048,2016-02-20 16:00:00,17.319887603179918
1049,2016-02-20 17:00:00,17.443187346753778
1050,2016-02-20 18:00:00,18.082583369005533
1051,2016-02-20 19:00:00,16.310093401508464
1052,2016-02-20 20:00:00,17.255457229810887
1053,2016-02-20 21:00:00,16.380259430205438
1054,2016-02-20 22:00:00,11.073368691664502
1055,2016-02-20 23:00:00,8.925502189096363
1056,2016-02-21 00:00:00,9.056683695948431
1057,2016-02-21 01:00:00,8.881705250181342
1058,2016-02-21 02:00:00,10.512478008167935
1059,2016-02-21 03:00:00,11.789334526226284
1060,2016-02-21 04:00:00,13.080821725806684
1061,2016-02-21 05:00:00,18.728682273879844
1062,2016-02-21 06:00:00,27.356774138832392
1063,2016-02-21 07:00:00,20.92597661764
1064,2016-02-21 08:00:00,20.09162211245584
1065,2016-02-21 09:00:00,15.368840255102501
1066,2016-02-21 10:00:00,15.186175983412983
1067,2016-02-21 11:00:00,18.957806769687494
1068,2016-02-21 12:00:00,16.41850500630778
1069,2016-02-21 13:00:00,14.964320315445251
1070,2016-02-21 14:00:00,13.706365915528627
1071,2016-02-21 15:00:00,12.859152416163516
1072,2016-02-21 16:00:00,12.879796410117773
1073,2016-02-21 17:00:00,13.812916540398055
1074,2016-02-21 18:00:00,16.158208823189412
1075,2016-02-21 19:00:00,17.632568381190655
1076,2016-02-21 20:00:00,17.5018075071667
1077,2016-02-21 21:00:00,15.279778528494468
1078,2016-02-21 22:00:00,10.324308903745225
1079,2016-02-21 23:00:00,8.029298601718109
1080,2016-02-22 00:00:00,11.85953808959575
1081,2016-02-22 01:00:00,9.929312176266098
1082,2016-02-22 02:00:00,9.950830394730225
1083,2016-02-22 03:00:00,11.043558727707198
1084,2016-02-22 04:00:00,12.200002090704606
1085,2016-02-22 05:00:00,22.779120950482717
1086,2016-02-22 06:00:00,30.37615972419323
1087,2016-02-22 07:00:00,26.851011689568967
1088,2016-02-22 08:00:00,22.92201216974824
1089,2016-02-22 09:00:00,21.39876116275417
1090,2016-02-22 10:00:00,18.48802582619685
1091,2016-02-22 11:00:00,20.98463746429045
1092,2016-02-22 12:00:00,17.260893742011053
1093,2016-02-22 13:00:00,16.655503283878957
1094,2016-02-22 14:00:00,16.769549053854227
1095,2016-02-22 15:00:00,18.500809195428122
1096,2016-02-22 16:00:00,17.587919179575625
1097,2016-02-22 17:00:00,16.541047879282626
1098,2016-02-22 18:00:00,17.178644688305887
1099,2016-02-22 19:00:00,14.519934063353992
1100,2016-02-22 20:00:00,11.78081893998673
1101,2016-02-22 21:00:00,11.521661101373393
1102,2016-02-22 22:00:00,8.240215869515277
1103,2016-02-22 23:00:00,5.813910674162301
1104,2016-02-23 00:00:00,5.387448061075337
1105,2016-02-23 01:00:00,5.519877388631729
1106,2016-02-23 02:00:00,4.066331499655379
1107,2016-02-23 03:00:00,6.23849581494667
1108,2016-02-23 04:00:00,8.561445193861012
1109,2016-02-23 05:00:00,19.451667992616255
1110,2016-02-23 06:00:00,12.692776864877207
1111,2016-02-23 07:00:00,24.441116712491088
1112,2016-02-23 08:00:00,17.90977190286523
1113,2016-02-23 09:00:00,19.09049068198928
1114,2016-02-23 10:00:00,17.79377831863429
1115,2016-02-23 11:00:00,21.148072235000726
1116,2016-02-23 12:00:00,18.008445825940388
1117,2016-02-23 13:00:00,15.901700723139632
1118,2016-02-23 14:00:00,17.931766260550923
1119,2016-02-23 15:00:00,17.548959850519335
1120,2016-02-23 16:00:00,16.094023397910032
1121,2016-02-23 17:00:00,14.709459243756545
1122,2016-02-23 18:00:00,14.391798828262797
1123,2016-02-23 19:00:00,13.311214305543265
1124,2016-02-23 20:00:00,12.107730703114164
1125,2016-02-23 21:00:00,12.354699984609278
1126,2016-02-23 22:00:00,7.344090194583204
1127,2016-02-23 23:00:00,7.30595415769283
1128,2016-02-24 00:00:00,7.349871735428957
1129,2016-02-24 01:00:00,7.437993609679128
1130,2016-02-24 02:00:00,8.111027794057696
1131,2016-02-24 03:00:00,8.378952231140456
1132,2016-02-24 04:00:00,12.692917809454748
1133,2016-02-24 05:00:00,21.95845275371043
1134,2016-02-24 06:00:00,25.249600254767486
1135,2016-02-24 07:00:00,23.525610308401
1136,2016-02-24 08:00:00,22.862463588676913
1137,2016-02-24 09:00:00,17.279917164208882
1138,2016-02-24 10:00:00,14.594432911230276
1139,2016-02-24 11:00:00,16.342236829814812
1140,2016-02-24 12:00:00,16.283137703571946
1141,2016-02-24 13:00:00,16.676128692237732
1142,2016-02-24 14:00:00,17.202027505660688
1143,2016-02-24 15:00:00,17.333063951058072
1144,2016-02-24 16:00:00,16.530010643751307
1145,2016-02-24 17:00:00,17.529840415685175
1146,2016-02-24 18:00:00,16.826058103758808
1147,2016-02-24 19:00:00,17.095211326931402
1148,2016-02-24 20:00:00,15.640029157601552
1149,2016-02-24 21:00:00,14.051528901762268
1150,2016-02-24 22:00:00,10.40738072549316
1151,2016-02-24 23:00:00,6.8300818411085435
1152,2016-02-25 00:00:00,5.965262358219733
1153,2016-02-25 01:00:00,6.39499719240326
1154,2016-02-25 02:00:00,7.7855829117726705
1155,2016-02-25 03:00:00,8.574683512444864
1156,2016-02-25 04:00:00,10.246134833426593
1157,2016-02-25 05:00:00,17.04149884701725
1158,2016-02-25 06:00:00,20.567098004511454
1159,2016-02-25 07:00:00,21.555469372348977
1160,2016-02-25 08:00:00,21.29405141922562
1161,2016-02-25 09:00:00,19.06830999813368
1162,2016-02-25 10:00:00,18.858932373067287
1163,2016-02-25 11:00:00,23.275362979889533
1164,2016-02-25 12:00:00,17.7615513971753
1165,2016-02-25 13:00:00,19.071685080300103
1166,2016-02-25 14:00:00,19.828485617243427
1167,2016-02-25 15:00:00,19.33013951696452
1168,2016-02-25 16:00:00,18.79051446626529
1169,2016-02-25 17:00:00,20.513027169776052
1170,2016-02-25 18:00:00,19.705892358339977
1171,2016-02-25 19:00:00,18.627579379944194
1172,2016-02-25 20:00:00,15.960992453113349
1173,2016-02-25 21:00:00,15.100469543033194
1174,2016-02-25 22:00:00,11.222949414493815
1175,2016-02-25 23:00:00,9.412972246435286
1176,2016-02-26 00:00:00,9.515260843179354
1177,2016-02-26 01:00:00,11.22191360747959
1178,2016-02-26 02:00:00,11.47922826589584
1179,2016-02-26 03:00:00,12.572611996243813
1180,2016-02-26 04:00:00,16.953279291164574
1181,2016-02-26 05:00:00,29.813370313366033
1182,2016-02-26 06:00:00,35.07572710692605
1183,2016-02-26 07:00:00,31.31502421178591
1184,2016-02-26 08:00:00,27.51544187953673
1185,2016-02-26 09:00:00,22.547908636755004
1186,2016-02-26 10:00:00,19.744728645449868
1187,2016-02-26 11:00:00,25.28212854831702
1188,2016-02-26 12:00:00,21.87189071674864
1189,2016-02-26 13:00:00,20.01446698305946
1190,2016-02-26 14:00:00,22.916225430084577
1191,2016-02-26 15:00:00,21.554089355801764
1192,2016-02-26 16:00:00,22.156166470443193
1193,2016-02-26 17:00:00,20.272877703361377
1194,2016-02-26 18:00:00,19.323568956023333
1195,2016-02-26 19:00:00,17.530313750278225
1196,2016-02-26 20:00:00,18.22069018409844
1197,2016-02-26 21:00:00,14.789896842802825
1198,2016-02-26 22:00:00,10.345875525470642
1199,2016-02-26 23:00:00,8.805493999999976
1200,2016-02-27 00:00:00,8.638237000000156
1201,2016-02-27 01:00:00,8.452076000000027
1202,2016-02-27 02:00:00,7.1692498724511
1203,2016-02-27 03:00:00,8.68281238105808
1204,2016-02-27 04:00:00,9.541989376263556
1205,2016-02-27 05:00:00,19.72212656579344
1206,2016-02-27 06:00:00,25.854954699309076
1207,2016-02-27 07:00:00,22.558490773345238
1208,2016-02-27 08:00:00,21.623128250732442
1209,2016-02-27 09:00:00,19.270464657859105
1210,2016-02-27 10:00:00,17.879958017060822
1211,2016-02-27 11:00:00,23.628330588047795
1212,2016-02-27 12:00:00,21.410419750313327
1213,2016-02-27 13:00:00,18.05983794051513
1214,2016-02-27 14:00:00,17.184743540465085
1215,2016-02-27 15:00:00,19.38173528630863
1216,2016-02-27 16:00:00,18.987905479898924
1217,2016-02-27 17:00:00,18.924454644156846
1218,2016-02-27 18:00:00,20.163389999999964
1219,2016-02-27 19:00:00,17.979415679040606
1220,2016-02-27 20:00:00,16.600922564200552
1221,2016-02-27 21:00:00,16.392140221267113
1222,2016-02-27 22:00:00,10.549582969814947
1223,2016-02-27 23:00:00,7.978967356644127
1224,2016-02-28 00:00:00,5.969587176688013
1225,2016-02-28 01:00:00,7.599102000000002
1226,2016-02-28 02:00:00,7.006875323055223
1227,2016-02-28 03:00:00,7.326866353688072
1228,2016-02-28 04:00:00,9.664292888991437
1229,2016-02-28 05:00:00,12.902537981204574
1230,2016-02-28 06:00:00,19.549662834535308
1231,2016-02-28 07:00:00,19.13149429779888
1232,2016-02-28 08:00:00,13.59567309064312
1233,2016-02-28 09:00:00,11.60752087610133
1234,2016-02-28 10:00:00,10.197252333672862
1235,2016-02-28 11:00:00,14.40582859360533
1236,2016-02-28 12:00:00,14.293123747228492
1237,2016-02-28 13:00:00,10.604607859712381
1238,2016-02-28 14:00:00,11.296162802513466
1239,2016-02-28 15:00:00,14.711362034389833
1240,2016-02-28 16:00:00,16.73663777718733
1241,2016-02-28 17:00:00,11.638270499798185
1242,2016-02-28 18:00:00,16.659324058338996
1243,2016-02-28 19:00:00,15.0575040671835
1244,2016-02-28 20:00:00,17.169987423921313
1245,2016-02-28 21:00:00,14.693837131390428
1246,2016-02-28 22:00:00,10.872500000000283
1247,2016-02-28 23:00:00,8.47042000000015
1248,2016-02-29 00:00:00,11.016660000000194
1249,2016-02-29 01:00:00,9.118055000000114
1250,2016-02-29 02:00:00,10.500510000000142
1251,2016-02-29 03:00:00,10.29251999999994
1252,2016-02-29 04:00:00,13.65274999999999
1253,2016-02-29 05:00:00,21.382108872271267
1254,2016-02-29 06:00:00,25.5945260416153
1255,2016-02-29 07:00:00,26.211870000000065
1256,2016-02-29 08:00:00,19.348990604009174
1257,2016-02-29 09:00:00,15.85958877379912
1258,2016-02-29 10:00:00,16.809326397151857
1259,2016-02-29 11:00:00,22.967016915224892
1260,2016-02-29 12:00:00,18.197499546214946
1261,2016-02-29 13:00:00,18.903740616225328
1262,2016-02-29 14:00:00,18.81104665201632
1263,2016-02-29 15:00:00,20.747841468309105
1264,2016-02-29 16:00:00,19.720912735329502
1265,2016-02-29 17:00:00,17.962801742571035
1266,2016-02-29 18:00:00,17.643870810569698
1267,2016-02-29 19:00:00,16.33038448263009
1268,2016-02-29 20:00:00,14.671753235050774
1269,2016-02-29 21:00:00,14.975600949374194
1270,2016-02-29 22:00:00,10.955816117187538
1271,2016-02-29 23:00:00,7.837158301742532
1272,2016-03-01 00:00:00,6.972235440154005
1273,2016-03-01 01:00:00,7.199566749487313
1274,2016-03-01 02:00:00,9.815891642655652
1275,2016-03-01 03:00:00,7.984902078571565
