Parameter,Values
Dataset Path,./Barchette_Unsup_SAC/2018-12-29/INERTIAL/XM_file/DataSet_SAC.csv
Results Path,./Barchette_Unsup_SAC/2018-12-29/INERTIAL/XM_file//Model_4_25.0/
Number of columns,27
Number of rows,20181
Method,IHMM
N. Cluster,4
Covariance,NA
Accuracy,NA
CE,NA
F1,NA
Entropy,NA
Purity,NA
NbClusterFound,NA
Note,-
Variables,0,1,2,3,4,5,6,7,8,9,10,11,12,13,14,15,16,17,18,19,20,21,22,23,24,25,26
Log-likelihood,-226424.85818108075
Silhouette total,0.2525313046675984
-0.14683840316236665,3562,27
-0.18927395329743446,1387,27
-0.0494635966278484,2779,27
0.48336585239006546,12453,27