Parameter,Values
Dataset Path,./Barchette_Unsup_SAC/2018-12-29/INERTIAL/XM_file/DataSet_SAC.csv
Results Path,./Barchette_Unsup_SAC/2018-12-29/INERTIAL/XM_file//Model_4_35.0/
Number of columns,27
Number of rows,20181
Method,IHMM
N. Cluster,4
Covariance,NA
Accuracy,NA
CE,NA
F1,NA
Entropy,NA
Purity,NA
NbClusterFound,NA
Note,-
Variables,0,1,2,3,4,5,6,7,8,9,10,11,12,13,14,15,16,17,18,19,20,21,22,23,24,25,26
Log-likelihood,-231783.9444313445
Silhouette total,0.20955472254632787
-0.14534584615452634,3978,27
0.46177318240031817,11644,27
-0.19792352605228702,2188,27
-0.05762152220866832,2371,27