Parameter,Values
Dataset Path,./Barchette_Unsup_SAC/2018-12-29/INERTIAL/XM_file/DataSet_SAC.csv
Results Path,./Barchette_Unsup_SAC/2018-12-29/INERTIAL/XM_file//Model_8_25.0/
Number of columns,27
Number of rows,20181
Method,IHMM
N. Cluster,8
Covariance,NA
Accuracy,NA
CE,NA
F1,NA
Entropy,NA
Purity,NA
NbClusterFound,NA
Note,-
Variables,0,1,2,3,4,5,6,7,8,9,10,11,12,13,14,15,16,17,18,19,20,21,22,23,24,25,26
Log-likelihood,-119718.45617000276
Silhouette total,0.06666616855349816
0.4549538929076442,6477,27
-0.1625011914758494,1044,27
-0.004567568904427588,3679,27
-0.19764028294022506,2703,27
0.09531472435862985,1072,27
-0.14729490792215075,2569,27
-0.2179143025579769,2179,27
-0.28299323773728213,458,27