Parameter,Values
Dataset Path,./Barchette_Unsup_SAC/2018-12-29/INERTIAL/XM_file/DataSet_SAC.csv
Results Path,./Barchette_Unsup_SAC/2018-12-29/INERTIAL/XM_file//Model_8_50.0/
Number of columns,27
Number of rows,20181
Method,IHMM
N. Cluster,8
Covariance,NA
Accuracy,NA
CE,NA
F1,NA
Entropy,NA
Purity,NA
NbClusterFound,NA
Note,-
Variables,0,1,2,3,4,5,6,7,8,9,10,11,12,13,14,15,16,17,18,19,20,21,22,23,24,25,26
Log-likelihood,-194385.3060849109
Silhouette total,0.05352478339593993
-0.2362398865184373,803,27
-0.13359045358632746,900,27
0.4659582633541858,6358,27
-0.04262841866938996,4525,27
-0.2830280740670955,1624,27
-0.2248718129375594,994,27
-0.1357104390708165,2819,27
-0.1454242127089577,2158,27