Parameter,Values
Dataset Path,./Barchette_Unsup_SAC/2018-12-29/INERTIAL/XM_file/DataSet_SAC.csv
Results Path,./Barchette_Unsup_SAC/2018-12-29/INERTIAL/XM_file//Model_14_40.0/
Number of columns,27
Number of rows,20181
Method,IHMM
N. Cluster,14
Covariance,NA
Accuracy,NA
CE,NA
F1,NA
Entropy,NA
Purity,NA
NbClusterFound,NA
Note,-
Variables,0,1,2,3,4,5,6,7,8,9,10,11,12,13,14,15,16,17,18,19,20,21,22,23,24,25,26
Log-likelihood,-119060.82915184519
Silhouette total,0.05360051276773098
-0.1992232505180145,1768,27
0.4498323687261912,6357,27
-0.16874452192399172,1663,27
0.27170122701065896,382,27
-0.1912598943926868,127,27
-0.12456140188298793,834,27
-0.002680483146453107,3424,27
-0.059416150675397156,4,27
-0.3141488920335634,563,27
-0.17433204983571352,883,27
-0.22723264228611295,1513,27
-0.14266387053137142,2087,27
-0.2570047287306607,32,27
-0.24017633069472158,544,27