Parameter,Values
Dataset Path,./Barchette_Unsup_SAC/2018-12-29/INERTIAL/XM_file/DataSet_SAC.csv
Results Path,./Barchette_Unsup_SAC/2018-12-29/INERTIAL/XM_file//Model_4_10.0/
Number of columns,27
Number of rows,20181
Method,IHMM
N. Cluster,4
Covariance,NA
Accuracy,NA
CE,NA
F1,NA
Entropy,NA
Purity,NA
NbClusterFound,NA
Note,-
Variables,0,1,2,3,4,5,6,7,8,9,10,11,12,13,14,15,16,17,18,19,20,21,22,23,24,25,26
Log-likelihood,-248613.21561789358
Silhouette total,0.1942392505072616
0.3778238194747005,12077,27
0.05806862587432497,1767,27
-0.06798502771953922,2956,27
-0.16110011040812977,3381,27