Parameter,Values
Dataset Path,./Barchette_Unsup_SAC/2018-12-29/INERTIAL/XM_file/DataSet_SAC.csv
Results Path,./Barchette_Unsup_SAC/2018-12-29/INERTIAL/XM_file//Model_6_30.0/
Number of columns,27
Number of rows,20181
Method,IHMM
N. Cluster,6
Covariance,NA
Accuracy,NA
CE,NA
F1,NA
Entropy,NA
Purity,NA
NbClusterFound,NA
Note,-
Variables,0,1,2,3,4,5,6,7,8,9,10,11,12,13,14,15,16,17,18,19,20,21,22,23,24,25,26
Log-likelihood,-161786.0070110355
Silhouette total,0.05942012141322812
-0.19967194248736606,2808,27
0.46696927358197504,6511,27
0.026014819335615922,1217,27
-0.28668355201530527,1385,27
-0.07969535277373825,5371,27
-0.16862590217717466,2889,27