Parameter,Values
Dataset Path,./Barchette_Unsup_SAC/2018-12-29/INERTIAL/XM_file/DataSet_SAC.csv
Results Path,./Barchette_Unsup_SAC/2018-12-29/INERTIAL/XM_file//Model_6_15.0/
Number of columns,27
Number of rows,20181
Method,IHMM
N. Cluster,6
Covariance,NA
Accuracy,NA
CE,NA
F1,NA
Entropy,NA
Purity,NA
NbClusterFound,NA
Note,-
Variables,0,1,2,3,4,5,6,7,8,9,10,11,12,13,14,15,16,17,18,19,20,21,22,23,24,25,26
Log-likelihood,-184380.10035457765
Silhouette total,0.1886553934869494
-0.18880954660202878,1687,27
-0.05234197856221197,2473,27
0.45445129419586794,10824,27
-0.1558365812819966,1377,27
0.07723001742630868,1366,27
-0.2260277610810932,2454,27