Parameter,Values
Dataset Path,./Barchette_Unsup_SAC/2018-12-29/INERTIAL/XM_file/DataSet_SAC.csv
Results Path,./Barchette_Unsup_SAC/2018-12-29/INERTIAL/XM_file//Model_4_65.0/
Number of columns,27
Number of rows,20181
Method,IHMM
N. Cluster,4
Covariance,NA
Accuracy,NA
CE,NA
F1,NA
Entropy,NA
Purity,NA
NbClusterFound,NA
Note,-
Variables,0,1,2,3,4,5,6,7,8,9,10,11,12,13,14,15,16,17,18,19,20,21,22,23,24,25,26
Log-likelihood,-731052.4182914114
Silhouette total,0.02667677848104398
0.29618909797777265,4127,27
-0.04078451787086189,15905,27
-0.24927507114736927,145,27
0.2035753060268763,4,27