Parameter,Values
Dataset Path,./Barchette_Unsup_SAC/2018-12-29/INERTIAL/XM_file/DataSet_SAC.csv
Results Path,./Barchette_Unsup_SAC/2018-12-29/INERTIAL/XM_file//Model_8_35.0/
Number of columns,27
Number of rows,20181
Method,IHMM
N. Cluster,8
Covariance,NA
Accuracy,NA
CE,NA
F1,NA
Entropy,NA
Purity,NA
NbClusterFound,NA
Note,-
Variables,0,1,2,3,4,5,6,7,8,9,10,11,12,13,14,15,16,17,18,19,20,21,22,23,24,25,26
Log-likelihood,-148788.35190113823
Silhouette total,0.05681747913022018
-0.1853816689743728,887,27
0.4638092956242245,6450,27
-0.08861231840105131,1754,27
-0.27689524090485623,1571,27
-0.16571172699025793,1579,27
-0.11613143093253614,1738,27
-0.07481942860609507,5113,27
-0.224083983278883,1089,27