Parameter,Values
Dataset Path,./Barchette_Unsup_SAC/2018-12-29/INERTIAL/XM_file/DataSet_SAC.csv
Results Path,./Barchette_Unsup_SAC/2018-12-29/INERTIAL/XM_file//Model_10_20.0/
Number of columns,27
Number of rows,20181
Method,IHMM
N. Cluster,10
Covariance,NA
Accuracy,NA
CE,NA
F1,NA
Entropy,NA
Purity,NA
NbClusterFound,NA
Note,-
Variables,0,1,2,3,4,5,6,7,8,9,10,11,12,13,14,15,16,17,18,19,20,21,22,23,24,25,26
Log-likelihood,-102443.20904575408
Silhouette total,0.07288823673854095
-0.25757276834813725,397,27
0.453805660688433,6497,27
-0.13161963015775296,2284,27
-0.2135225883986898,451,27
0.10371400910438884,1099,27
-0.0002661927530297635,3650,27
-0.18929989933338717,2792,27
-0.13827876628914726,240,27
-0.20911283461222,1251,27
-0.1762771537493368,1520,27