Parameter,Values
Dataset Path,./Barchette_Unsup_SAC/2018-12-29/INERTIAL/XM_file/DataSet_SAC.csv
Results Path,./Barchette_Unsup_SAC/2018-12-29/INERTIAL/XM_file//Model_24_50.0/
Number of columns,27
Number of rows,20181
Method,IHMM
N. Cluster,24
Covariance,NA
Accuracy,NA
CE,NA
F1,NA
Entropy,NA
Purity,NA
NbClusterFound,NA
Note,-
Variables,0,1,2,3,4,5,6,7,8,9,10,11,12,13,14,15,16,17,18,19,20,21,22,23,24,25,26
Log-likelihood,-191558.96554129705
Silhouette total,-0.030493983831488256
-0.19190474121074586,3133,27
0.039314795372613356,0,27
-0.1433604935042794,57,27
-0.13059698122924326,609,27
-0.02634168452041447,58,27
0.27630183125381935,423,27
-0.229535806696996,0,27
-0.23710942343576694,121,27
0.1481460939494664,0,27
-0.08359658647489936,0,27
-0.05796680010734745,130,27
-0.33723719736196767,0,27
0.27772043286007375,6742,27
-0.02919784952572042,2180,27
0.30350538387584386,19,27