Parameter,Values
Dataset Path,./Barchette_Unsup_SAC/2018-12-29/INERTIAL/XM_file/DataSet_SAC.csv
Results Path,./Barchette_Unsup_SAC/2018-12-29/INERTIAL/XM_file//Model_10_60.0/
Number of columns,27
Number of rows,20181
Method,IHMM
N. Cluster,10
Covariance,NA
Accuracy,NA
CE,NA
F1,NA
Entropy,NA
Purity,NA
NbClusterFound,NA
Note,-
Variables,0,1,2,3,4,5,6,7,8,9,10,11,12,13,14,15,16,17,18,19,20,21,22,23,24,25,26
Log-likelihood,-167365.99948943494
Silhouette total,0.037945979172744636
-0.22055537302251885,3732,27
0.41016381257835893,6365,27
-0.21159768782346478,679,27
-0.21200406819238754,1998,27
-0.14488963501464544,2887,27
-0.11548820538070613,1446,27
-0.31361817020079114,723,27
0.36182030057769676,5,27
0.08238751446300185,59,27
0.1534040413166667,2287,27