Parameter,Values
Dataset Path,./Barchette_Unsup_SAC/2018-12-29/INERTIAL/XM_file/DataSet_SAC.csv
Results Path,./Barchette_Unsup_SAC/2018-12-29/INERTIAL/XM_file//Model_12_0.0/
Number of columns,27
Number of rows,20181
Method,IHMM
N. Cluster,12
Covariance,NA
Accuracy,NA
CE,NA
F1,NA
Entropy,NA
Purity,NA
NbClusterFound,NA
Note,-
Variables,0,1,2,3,4,5,6,7,8,9,10,11,12,13,14,15,16,17,18,19,20,21,22,23,24,25,26
Log-likelihood,-26906.78726231714
Silhouette total,0.09071533992322729
-0.10886412141324893,225,27
0.17679133307740277,1003,27
-0.15664418721844667,1542,27
-0.14249939381744145,1102,27
-0.16085424325854747,541,27
-0.1872622099615892,1723,27
0.5648173470955389,33,27
-0.09168678449616352,1377,27
0.012072657042298145,3706,27
-0.16332188807431722,1268,27
0.4512301852203848,6455,27
-0.1298280526075364,1206,27