Parameter,Values
Dataset Path,./Barchette_Unsup_SAC/2018-12-29/INERTIAL/XM_file/DataSet_SAC.csv
Results Path,./Barchette_Unsup_SAC/2018-12-29/INERTIAL/XM_file//Model_12_10.0/
Number of columns,27
Number of rows,20181
Method,IHMM
N. Cluster,12
Covariance,NA
Accuracy,NA
CE,NA
F1,NA
Entropy,NA
Purity,NA
NbClusterFound,NA
Note,-
Variables,0,1,2,3,4,5,6,7,8,9,10,11,12,13,14,15,16,17,18,19,20,21,22,23,24,25,26
Log-likelihood,-75067.14224215124
Silhouette total,0.07884005785364744
0.4509693853514925,6506,27
-0.134339602454303,426,27
0.0033418079771502106,3719,27
-0.20276570393176008,1569,27
0.13565264724039536,1004,27
-0.12187981390299353,190,27
-0.1957765911720464,0,27
-0.25011631445958665,2863,27
-0.15844995312235347,354,27
-0.016857398921217022,1209,27
-0.16973256794414543,948,27