Parameter,Values
Dataset Path,./Barchette_Unsup_SAC/2018-12-29/INERTIAL/XM_file/DataSet_SAC.csv
Results Path,./Barchette_Unsup_SAC/2018-12-29/INERTIAL/XM_file//Model_6_60.0/
Number of columns,27
Number of rows,20181
Method,IHMM
N. Cluster,6
Covariance,NA
Accuracy,NA
CE,NA
F1,NA
Entropy,NA
Purity,NA
NbClusterFound,NA
Note,-
Variables,0,1,2,3,4,5,6,7,8,9,10,11,12,13,14,15,16,17,18,19,20,21,22,23,24,25,26
Log-likelihood,-193615.2968920148
Silhouette total,0.046386353231739265
-0.08783551291128538,5237,27
-0.15253110380579799,3362,27
-0.1283846465367766,741,27
-0.2843214840941258,1458,27
0.4668887076916789,6400,27
-0.19091077293078562,2983,27