Parameter,Values
Dataset Path,./Barchette_Unsup_SAC/2018-12-29/INERTIAL/XM_file/DataSet_SAC.csv
Results Path,./Barchette_Unsup_SAC/2018-12-29/INERTIAL/XM_file//Model_10_0.0/
Number of columns,27
Number of rows,20181
Method,IHMM
N. Cluster,10
Covariance,NA
Accuracy,NA
CE,NA
F1,NA
Entropy,NA
Purity,NA
NbClusterFound,NA
Note,-
Variables,0,1,2,3,4,5,6,7,8,9,10,11,12,13,14,15,16,17,18,19,20,21,22,23,24,25,26
Log-likelihood,-38456.31270520807
Silhouette total,0.08392221213890284
-0.19719367564745982,2883,27
0.45524505247438174,6478,27
0.13177512916314882,1186,27
-0.00020778015786195766,3818,27
-0.15361984220299976,697,27
-0.10009144726864204,1766,27
-0.1729673290158811,1504,27
-0.16179734068028478,257,27
-0.17673438755197343,1559,27
0.5655241537321162,33,27